seed,effect_genuine_95_CI_lower,effect_deepfaked_95_CI_lower,effect_deepfaked_90_CI_lower,H1_genuine,H1_deepfaked,H2_noninferiority
1,1.2446564573683243,1.2923993756978682,1.3053579823515644,1,1,1
2,1.2940941410696405,1.3442803707750144,1.3567768890638467,1,1,1
3,1.2558019373902571,1.307612392335386,1.3200748106725924,1,1,1
4,1.2888908837011512,1.3020568873513034,1.315350266917114,1,1,1
5,1.3062048797923946,1.342309075741816,1.3576451174491737,1,1,1
6,1.2444879345184552,1.2345653812269273,1.2471428987713424,1,1,1
7,1.2223835998766055,1.2184385109686917,1.2306874352237234,1,1,1
8,1.2607586306868663,1.2933349390877773,1.3080875545728388,1,1,1
9,1.2912494851498417,1.3774408227231392,1.3907767310306096,1,1,1
10,1.304211595806042,1.3278217425562242,1.3441874933412705,1,1,1
11,1.274816726539807,1.3173357889257291,1.3248196154918994,1,1,1
12,1.2490563349489954,1.226111147442939,1.2375605680857995,1,1,0
13,1.3013372930159774,1.3830907168203086,1.3980087641981458,1,1,1
14,1.280789727433359,1.2476623527901622,1.2600337255567085,1,1,0
15,1.3175787607621943,1.3299819374388147,1.3440575611831616,1,1,1
16,1.221405743206299,1.2643665328063831,1.2780057526493678,1,1,1
17,1.253289285092874,1.2901029941502486,1.303508414347175,1,1,1
18,1.2521093729393664,1.2869446947479886,1.3009189936049037,1,1,1
19,1.250089010681633,1.199082943534987,1.218015548836421,1,1,0
20,1.271129368051448,1.3026480661437083,1.319979561514243,1,1,1
21,1.2909706602352051,1.3447204059225877,1.355919806082447,1,1,1
22,1.2590749694554,1.3234054192515419,1.337005088093581,1,1,1
23,1.3062758270096584,1.321844857095867,1.335371340750927,1,1,1
24,1.2903944784309236,1.3287275437870045,1.3388424434157573,1,1,1
25,1.2640252120954085,1.2950882855234154,1.31053109985427,1,1,1
26,1.304223388373566,1.3235357641183878,1.335765447861555,1,1,1
27,1.2769809433204367,1.2470420187907723,1.2627023895114864,1,1,0
28,1.234940411751527,1.2471710741207438,1.2620570796307524,1,1,1
29,1.2790264916132963,1.325181149089076,1.3394338488129218,1,1,1
30,1.257415833553116,1.288339834354701,1.300471342419157,1,1,1
31,1.2781958207548934,1.2498953285217085,1.2622683510398858,1,1,0
32,1.268587142727723,1.317444215296922,1.330786545452736,1,1,1
33,1.2748829593044235,1.2853664716324626,1.2979417979258234,1,1,1
34,1.2915313442713614,1.2951034099299301,1.3094188262005217,1,1,1
35,1.2765707543152347,1.2924544334119725,1.3071195188280016,1,1,1
36,1.289459128249376,1.3036030139161356,1.3191527146589113,1,1,1
37,1.246411998069378,1.1969839498863486,1.2055060451220012,1,1,0
38,1.252506202987102,1.2860433981485309,1.2974166599982753,1,1,1
39,1.2665307867903335,1.2989426013191772,1.3104560932384837,1,1,1
40,1.2617223802791342,1.2943649005456996,1.3093178628525148,1,1,1
41,1.279534637209958,1.2864323294354052,1.3011235352343173,1,1,1
42,1.242940085400614,1.1935140563077673,1.2038291222171422,1,1,0
43,1.2540831159729546,1.2703199775497367,1.2801112165984174,1,1,1
44,1.2787350292055273,1.3035330744062752,1.3184442892099513,1,1,1
45,1.2429733646688845,1.2552088055104242,1.2682199361253503,1,1,1
46,1.2213236637913145,1.327379077542676,1.3414373736356802,1,1,1
47,1.2853910869252432,1.3088722222201996,1.3226571599172048,1,1,1
48,1.2854918558881998,1.287686049269122,1.2994448220041919,1,1,1
49,1.2707616551688772,1.3314094769779834,1.344174635650006,1,1,1
50,1.263861045855295,1.2751231925928532,1.2897381076979293,1,1,1
51,1.2905451077493533,1.282683838250851,1.2946981303556695,1,1,1
52,1.268037393840451,1.2880548098163116,1.300683123105553,1,1,1
53,1.278462815301928,1.3247932895574666,1.3371366758587973,1,1,1
54,1.2661525187516345,1.3196118097544147,1.3328354408655265,1,1,1
55,1.276231757581963,1.252833797172754,1.2656101575060992,1,1,0
56,1.2736267627588684,1.3094997088689466,1.3235728491618555,1,1,1
57,1.2938227366337955,1.253425881620421,1.2694619389351318,1,1,0
58,1.2242396986592616,1.18798951433091,1.2001113654504831,1,1,0
59,1.2926750765649462,1.3070377358852112,1.3215541729192246,1,1,1
60,1.3076641631390349,1.2921432280963858,1.305825155535342,1,1,0
61,1.2721268859985648,1.3366358891746564,1.3499749449831249,1,1,1
62,1.248990550163309,1.2836343995559463,1.2997606178257497,1,1,1
63,1.293341979429584,1.285480071456738,1.3013550526666042,1,1,1
64,1.2983075687315702,1.3146511187468668,1.3261180177455967,1,1,1
65,1.2785318848708296,1.3071954383673812,1.3233333331953112,1,1,1
66,1.2635564746497794,1.318175814103577,1.3361745769063254,1,1,1
67,1.2572428470795065,1.3297048027760985,1.3414253344096303,1,1,1
68,1.2753627418921811,1.3049004208029198,1.3188580226356905,1,1,1
69,1.2421833878203776,1.2622192953332994,1.2778842520824891,1,1,1
70,1.2852897856673737,1.36033013418196,1.3745050571783988,1,1,1
71,1.2698443707861253,1.3522119340412637,1.365797008994534,1,1,1
72,1.2747269706187354,1.279710338307416,1.2983213747286748,1,1,1
73,1.248659807155147,1.3010137537994957,1.3138447422747648,1,1,1
74,1.2406334662656768,1.30891014090262,1.3193190225903255,1,1,1
75,1.3028221216973148,1.3548230258393463,1.3673694646088213,1,1,1
76,1.2643407390597348,1.3056434083512785,1.3175144256510698,1,1,1
77,1.273057355975815,1.324617348368997,1.337277817328141,1,1,1
78,1.2823011947628153,1.2556609418734366,1.273370963823002,1,1,0
79,1.2195121507241107,1.2413885507753903,1.2561836484618052,1,1,1
80,1.2318125082470315,1.223357322144706,1.2424256713331898,1,1,1
81,1.291032111167355,1.341270700384232,1.3512518825962017,1,1,1
82,1.3131978563548554,1.2927828706046265,1.3022962213951652,1,1,0
83,1.2916457541043476,1.3287037381324631,1.3421665911078795,1,1,1
84,1.3021644822447669,1.3290867460994087,1.3436012484898725,1,1,1
85,1.2386046863028255,1.2166663276845777,1.2322803730952243,1,1,0
86,1.3111280189306505,1.4010893343007194,1.4153639018251196,1,1,1
87,1.2722724248039616,1.3014284391611528,1.3170172810510494,1,1,1
88,1.2391373978621048,1.2554218592726003,1.268809714057837,1,1,1
89,1.3094977317926122,1.3474040643100884,1.361674724600133,1,1,1
90,1.321745788303866,1.3580380926757936,1.3705160157348277,1,1,1
91,1.2663177934274532,1.3165765638973128,1.3327633770048384,1,1,1
92,1.3026705767400537,1.3323279285807128,1.3479413643137472,1,1,1
93,1.2963456811414191,1.3676784462942757,1.3796203757010264,1,1,1
94,1.2900950338816743,1.3577463048063938,1.3682771291815332,1,1,1
95,1.2918456780410783,1.2862112807742756,1.2986103189807994,1,1,1
96,1.2594209184122847,1.2138666428394456,1.2266130850847996,1,1,0
97,1.2394056999700602,1.2831602036608794,1.2955271366607135,1,1,1
98,1.2524562363915446,1.2900331281374986,1.303286075650595,1,1,1
99,1.294478150045511,1.3258977399356726,1.3399930241939484,1,1,1
100,1.250758455026899,1.2791564901162469,1.2924880476398144,1,1,1
101,1.2529123107518785,1.2957503443610983,1.3079152978758946,1,1,1
102,1.2721946261789248,1.312507537431374,1.3239692428511052,1,1,1
103,1.2846776282516066,1.3016071842985626,1.316373066055909,1,1,1
104,1.2881115284632019,1.3550765808093324,1.3677013255946948,1,1,1
105,1.2842918279138746,1.2988249372666378,1.310041870088445,1,1,1
106,1.313966251806851,1.2983000293988627,1.3087311826582915,1,1,0
107,1.257288091113708,1.2512270922606537,1.2660605097366264,1,1,1
108,1.2533595902938046,1.2545024269912408,1.2704382665348433,1,1,1
109,1.252229858574425,1.2507622363861375,1.2662520867835132,1,1,1
110,1.2646453476123176,1.3464015466781836,1.3614199669577771,1,1,1
111,1.3250788216694254,1.3615275502554687,1.3742317152811376,1,1,1
112,1.2529935205250184,1.2342358392078794,1.2442957866683517,1,1,0
113,1.3268428687006824,1.3651387457928128,1.3825367914829743,1,1,1
114,1.2575184046319912,1.2461379198869282,1.2595383292548288,1,1,1
115,1.250418890874198,1.3018231635814541,1.317818103431431,1,1,1
116,1.2725927859245072,1.3159965732759167,1.3271577215164678,1,1,1
117,1.3180783048726012,1.3106899550421391,1.322630895967072,1,1,1
118,1.2750358747878325,1.3281656992915745,1.3389661636841697,1,1,1
119,1.2808840088312765,1.4047929577516023,1.4170917183636096,1,1,1
120,1.2596239947634644,1.2682660177002858,1.2846029931542975,1,1,1
121,1.3058206087663315,1.293793874636458,1.307156966359838,1,1,1
122,1.2285388246328095,1.2438753300064764,1.2567400936671589,1,1,1
123,1.2839425424743058,1.3084284345759214,1.3238167025484975,1,1,1
124,1.2618987748328991,1.3067453401818583,1.3185144648320646,1,1,1
125,1.2870033057453871,1.3171184711457984,1.3342494885870473,1,1,1
126,1.278415943765883,1.3401101303048037,1.3514786473812066,1,1,1
127,1.2870336948434022,1.3118434095504856,1.327802125258736,1,1,1
128,1.2779791297957557,1.3402217786571777,1.3519056600680577,1,1,1
129,1.2822253941906185,1.322579100940991,1.3341203413220821,1,1,1
130,1.2667138993893998,1.333386230255527,1.3432402569074542,1,1,1
131,1.2771445541947386,1.2486067734353783,1.2558744468776297,1,1,0
132,1.2903287849352854,1.308690477800227,1.3222924951012203,1,1,1
133,1.2576267016650204,1.339572605782885,1.3484089188991824,1,1,1
134,1.2621442925173787,1.2919917015221127,1.304561167968936,1,1,1
135,1.2958893156471338,1.32993657916498,1.3437814982227376,1,1,1
136,1.262859770696759,1.297120046177446,1.312290804512147,1,1,1
137,1.2297702609210492,1.2829763129295193,1.2939898802821739,1,1,1
138,1.2822462242001327,1.3439813456120002,1.3534271405430278,1,1,1
139,1.2583510584821302,1.2933734375059247,1.3111747439336114,1,1,1
140,1.3050134623815142,1.3085994477689988,1.3228108398296574,1,1,1
141,1.2567433482490713,1.252992748017925,1.2658799301545807,1,1,1
142,1.271108044183566,1.327518070115089,1.339113192307435,1,1,1
143,1.2591233460492728,1.2981542300801214,1.3099451685608368,1,1,1
144,1.2341400300794345,1.2768231643648873,1.2929481746899856,1,1,1
145,1.247991800798877,1.2280753018913328,1.2382222477140348,1,1,0
146,1.308850054991255,1.4227151966128615,1.4357430359851961,1,1,1
147,1.2778593255333723,1.2893388912008963,1.3011275934412938,1,1,1
148,1.3233712585986672,1.37027798742952,1.3845779177562698,1,1,1
149,1.2156859613598174,1.2307733963432983,1.241664373971797,1,1,1
150,1.2540619163553928,1.3104608469114916,1.3238368524210282,1,1,1
151,1.289972270259358,1.3283259492508779,1.3414427499708919,1,1,1
152,1.2756551325897574,1.2639490472109438,1.2764619444283765,1,1,1
153,1.2864199466781172,1.3233700771097594,1.3406319983799961,1,1,1
154,1.2606342082545123,1.3061907732610725,1.3171557828669236,1,1,1
155,1.2551828058298542,1.256469990689215,1.269409590452337,1,1,1
156,1.291507797222847,1.3013275207864723,1.31381174408947,1,1,1
157,1.2233932735523922,1.259097643384167,1.2714657184581093,1,1,1
158,1.2846268737210869,1.353005275345393,1.3677144886974675,1,1,1
159,1.271679204138667,1.3065824306509268,1.318483634102774,1,1,1
160,1.2804502469528107,1.3367055199279492,1.3538438648659468,1,1,1
161,1.2935735965882633,1.3875977230158258,1.4007998738704754,1,1,1
162,1.269628163755868,1.3057230792731005,1.3212780561547328,1,1,1
163,1.2654138332719798,1.2661965963394475,1.277594424604964,1,1,1
164,1.2557884564833082,1.2998293475849836,1.3148313942012608,1,1,1
165,1.237728781728812,1.2472765832119403,1.2610768933279157,1,1,1
166,1.2713444986477715,1.3063751123299643,1.3192932992917585,1,1,1
167,1.2495481409086746,1.2888386012690989,1.3033701375853648,1,1,1
168,1.3329221094954085,1.4165457343405865,1.4304475283208344,1,1,1
169,1.3093983126673039,1.3098701136061603,1.3262036463960847,1,1,1
170,1.2911153813334082,1.310138367505043,1.326026737466256,1,1,1
171,1.2783635743210704,1.26917339832611,1.2795777596152231,1,1,1
172,1.2582148152993886,1.2945021092605538,1.309458405389289,1,1,1
173,1.2896595220026943,1.3371467868608304,1.3509079281235563,1,1,1
174,1.2489776187494561,1.317763356566921,1.3289030986937318,1,1,1
175,1.2699751067330984,1.3313102024595993,1.34508880577042,1,1,1
176,1.2886542932589664,1.2934222446075614,1.303296407133995,1,1,1
177,1.2848628747550779,1.321843699987522,1.3359538448037318,1,1,1
178,1.2874211846835575,1.3487594838413846,1.3625170607610686,1,1,1
179,1.2908535326207613,1.372276500743097,1.3873946056204232,1,1,1
180,1.2626710575629252,1.3309747869673956,1.3448227251322178,1,1,1
181,1.3064266541470517,1.4043049599166304,1.4200325764241695,1,1,1
182,1.2794530784774878,1.3433474462580506,1.354105883428737,1,1,1
183,1.315703440709247,1.3394698076111045,1.3555025100700493,1,1,1
184,1.2687867558524717,1.292974992391201,1.3052666835545577,1,1,1
185,1.2815445318249628,1.3191433639467716,1.3332326959779746,1,1,1
186,1.232170108786859,1.1770912506656406,1.195261425190383,1,1,0
187,1.271955308951466,1.298536904441739,1.312568848619766,1,1,1
188,1.2689342043007965,1.3428389758119608,1.3586720881356311,1,1,1
189,1.2733942933170521,1.357425414852777,1.3718267001082192,1,1,1
190,1.2986087934394084,1.3495010552389255,1.3638565420846522,1,1,1
191,1.296026397767548,1.39249085006577,1.4030892998085367,1,1,1
192,1.3168136125896668,1.372088670506746,1.389239560162103,1,1,1
193,1.2523668794703282,1.2808693487150742,1.3003208878384334,1,1,1
194,1.2776011686457807,1.2728734083757605,1.2863161382584507,1,1,1
195,1.2336125166298229,1.2714964454037825,1.2859583930128344,1,1,1
196,1.2857757243830477,1.3098164854447754,1.322150406562035,1,1,1
197,1.2196006609572878,1.2439486175455798,1.2612571056171575,1,1,1
198,1.2950578473513743,1.3398363700987856,1.357218976369892,1,1,1
199,1.2917309698809605,1.3271728479932297,1.3413086028568757,1,1,1
200,1.3000934956917938,1.3229971813806753,1.3343261968413742,1,1,1
201,1.2642802381767173,1.3231486464090636,1.342220400933064,1,1,1
202,1.2572110085245876,1.3137713745611228,1.3281169296853281,1,1,1
203,1.2673932538801598,1.3401003636359774,1.3549020258042601,1,1,1
204,1.2846485118311426,1.2872837859179738,1.2999212904067081,1,1,1
205,1.288815865272443,1.3016158792408097,1.3196446365499823,1,1,1
206,1.2812577137418848,1.2436806583712332,1.2632759826753477,1,1,0
207,1.2780117582025563,1.3190021666176848,1.3338681591338297,1,1,1
208,1.2288711991867705,1.2357091648995564,1.2497643301961354,1,1,1
209,1.2673246788523436,1.3151397643194063,1.328191199709297,1,1,1
210,1.314252740806362,1.3396569934203604,1.355404949700963,1,1,1
211,1.2776414634883129,1.3645237880116141,1.3780397435054093,1,1,1
212,1.2876615176224528,1.3378496379109595,1.3509998852510536,1,1,1
213,1.2416493139694915,1.215861412820706,1.227229303503217,1,1,0
214,1.2911711248145048,1.3872114969818106,1.4021844543563562,1,1,1
215,1.27308932302664,1.2705854202111475,1.2857453639677172,1,1,1
216,1.286657362959916,1.246069385270393,1.2599423274979797,1,1,0
217,1.2974385917383886,1.376594152160421,1.3875060157254355,1,1,1
218,1.3004804399144037,1.3506331650343817,1.3625571143436463,1,1,1
219,1.268207337268807,1.3140327405012158,1.3254593515503668,1,1,1
220,1.2780876929339702,1.2490780266908081,1.25976738152941,1,1,0
221,1.2702077401339655,1.2150473422171082,1.2249107333785765,1,1,0
222,1.305623842026786,1.3960626505201645,1.4102510113204891,1,1,1
223,1.256922261462951,1.327390437935234,1.337304135391368,1,1,1
224,1.2917846283219727,1.286712116752774,1.2983626059541296,1,1,1
225,1.292397157442464,1.3867189741346615,1.4024176011245544,1,1,1
226,1.2577942760285676,1.3038182209571294,1.3180849765271032,1,1,1
227,1.2721075330186251,1.3021866147150305,1.3147104124397169,1,1,1
228,1.2766712792498291,1.3458145758117015,1.3585294422623597,1,1,1
229,1.2428205092707516,1.2661695078895228,1.2796793525897388,1,1,1
230,1.2999226143188847,1.335104813280203,1.3487025055629591,1,1,1
231,1.3068093749823864,1.3120528192380565,1.323051134257577,1,1,1
232,1.260065312047984,1.2459304632284265,1.2605113240371888,1,1,1
233,1.2577032262171794,1.2531911999785836,1.2687107667053128,1,1,1
234,1.3040349888829097,1.302304691053991,1.3158562238527385,1,1,1
235,1.2764054153915687,1.313462200393945,1.3272639217117095,1,1,1
236,1.308195041170941,1.2869265881155691,1.2973914521645389,1,1,0
237,1.2736736400320432,1.310800193300438,1.3229215915191561,1,1,1
238,1.2939485646824729,1.263379987601997,1.278375137083621,1,1,0
239,1.2676615517403016,1.3286355646884085,1.3443114861112002,1,1,1
240,1.2932853686698007,1.3161104216113026,1.3290927018439176,1,1,1
241,1.2825058173175077,1.2892457757976092,1.3025711005474112,1,1,1
242,1.286583671385696,1.2838165053220332,1.2982550713744887,1,1,1
243,1.2651406177628444,1.291282988588199,1.3076795494516489,1,1,1
244,1.2906981935414965,1.2917988527206676,1.308235244917724,1,1,1
245,1.2825941171859385,1.278231314996256,1.2933348854789033,1,1,1
246,1.2414828087505085,1.3118696154389364,1.3239467377340992,1,1,1
247,1.2453674842641618,1.2730704090296319,1.2892650467624065,1,1,1
248,1.2759777229918121,1.3458091058748274,1.3580780156377414,1,1,1
249,1.2869131995221048,1.3103223469569016,1.3239987360691141,1,1,1
250,1.308223789434135,1.3511329548412823,1.369273780287786,1,1,1
251,1.2481660138920418,1.2525709577096311,1.2664761153981796,1,1,1
252,1.2467290691374882,1.285157633899377,1.2996108159777733,1,1,1
253,1.2967278046845288,1.3280774991376487,1.3461530465393698,1,1,1
254,1.2389517478482808,1.2366144031067088,1.2447343732423521,1,1,1
255,1.2573555007626234,1.278431159977509,1.2942564322967196,1,1,1
256,1.2761176890466888,1.3057604557808407,1.3179663715428485,1,1,1
257,1.2738771932642676,1.2999604089350296,1.317323953973775,1,1,1
258,1.2666684118656402,1.2916376501922762,1.3035990635416976,1,1,1
259,1.2517092594112715,1.3459025934935365,1.3591409508721881,1,1,1
260,1.2843719417378814,1.2992033140990642,1.313322319988974,1,1,1
261,1.3115701071035797,1.3278316972404998,1.342898496650546,1,1,1
262,1.2080201617489725,1.2527770517675234,1.2686694687987863,1,1,1
263,1.2624321661512758,1.3013431508172857,1.313497620214296,1,1,1
264,1.2638206441275954,1.2887582898014165,1.3061588200404546,1,1,1
265,1.2983700277255867,1.3966813146578494,1.4118770115738748,1,1,1
266,1.2813564627415701,1.3186149058116647,1.3289870622230264,1,1,1
267,1.2712588852850981,1.2841062912659853,1.2996861666001709,1,1,1
268,1.25741519604419,1.244956699562577,1.2566627896671467,1,1,0
269,1.2943394673330961,1.3207159329199643,1.3338471666071077,1,1,1
270,1.2881512155098964,1.3130992769313983,1.3244076317942846,1,1,1
271,1.2528219249762576,1.3440984977713366,1.3578327962324315,1,1,1
272,1.3252337564177505,1.356949300283058,1.3746435455330237,1,1,1
273,1.2882683429126798,1.341045566580624,1.352918881796395,1,1,1
274,1.2842720590056447,1.2511812684092807,1.2656281649685464,1,1,0
275,1.2477817022172313,1.293563196352454,1.3066747540851722,1,1,1
276,1.2864895633014886,1.2662907373972538,1.2799085421195024,1,1,0
277,1.2771620313309158,1.269172475516252,1.2876542015610308,1,1,1
278,1.3090599365562248,1.3477427522610983,1.361154857550046,1,1,1
279,1.2605236853395876,1.2461310080353014,1.2586813183149603,1,1,0
280,1.3152173533730762,1.3293731275222895,1.3376682649495892,1,1,1
281,1.2500546082992603,1.3401353694884603,1.355443315154172,1,1,1
282,1.2769461093685264,1.2474700520751512,1.2620950218283002,1,1,0
283,1.3058907035064435,1.2996107631383034,1.3109142894777621,1,1,1
284,1.2623557302274357,1.1963874312705938,1.2117967573452366,1,1,0
285,1.2497618452961556,1.286654538384174,1.2996047643342725,1,1,1
286,1.2750637244595155,1.3351728417327986,1.351023716258217,1,1,1
287,1.2439854493156777,1.3226599169392492,1.3350293025333835,1,1,1
288,1.26044013686401,1.3000085503252654,1.3128287015092734,1,1,1
289,1.2718219779652706,1.3225388819705162,1.3353569349740693,1,1,1
290,1.2474431754233815,1.2530281950261954,1.2627896750716339,1,1,1
291,1.2965660503577137,1.3324680491006318,1.348725066049294,1,1,1
292,1.2637874291033897,1.2456930249091103,1.2567127601211354,1,1,0
293,1.2493469774825428,1.3407515510484118,1.3533724508670892,1,1,1
294,1.2672374310018548,1.2721624759018986,1.2834767338263802,1,1,1
295,1.2366197304319997,1.2915629169877014,1.3021373077228653,1,1,1
296,1.296693988692281,1.3243412439445357,1.3363466973177738,1,1,1
297,1.2606141190503288,1.2238953289817243,1.2366736053692566,1,1,0
298,1.297213340708457,1.3605763794711148,1.3742402536845446,1,1,1
299,1.25284805237758,1.2943273648584777,1.3093651279901384,1,1,1
300,1.2829964352952505,1.2569163840752995,1.2724552102660804,1,1,0
301,1.2407855002779078,1.286161528177187,1.2995283469531203,1,1,1
302,1.284546785012041,1.297574288648523,1.3117738782035036,1,1,1
303,1.2845930568134645,1.3239111128553822,1.3365621843892175,1,1,1
304,1.2702692861858829,1.3512028276285573,1.3669355533713277,1,1,1
305,1.2424405087546562,1.316975706451734,1.327427078536333,1,1,1
306,1.2304464601541194,1.2012483877849458,1.2149796638359818,1,1,0
307,1.2829795189066246,1.2580493790137788,1.2723828260065326,1,1,0
308,1.221432291770211,1.2309194997298154,1.243232104571446,1,1,1
309,1.2644034471479466,1.2700666240523442,1.2851593492384905,1,1,1
310,1.232627244872182,1.2483681219712504,1.2602120095647942,1,1,1
311,1.2746481512940255,1.2536849777746022,1.2684189281782074,1,1,0
312,1.2637901280611743,1.3068026962374433,1.3224844565935203,1,1,1
313,1.2931894085372841,1.3110556035638403,1.3230041226794877,1,1,1
314,1.276729780548108,1.3003275118379487,1.3137735358798266,1,1,1
315,1.3073379841381347,1.3323777548767235,1.3432731031772045,1,1,1
316,1.257988463051062,1.3145694783522155,1.3305402487683269,1,1,1
317,1.2754874861183716,1.2969891641772848,1.3103007476329616,1,1,1
318,1.2846886824023886,1.2948165521714545,1.3077909839774415,1,1,1
319,1.3183361943035687,1.3634582033720337,1.380781533808823,1,1,1
320,1.267356521346641,1.295072751400436,1.312498092266071,1,1,1
321,1.3092541435514773,1.3117358900218525,1.322407701635792,1,1,1
322,1.3086945187500332,1.3590585247723563,1.3729974944947654,1,1,1
323,1.3128409564033927,1.3233492981396933,1.333279214237679,1,1,1
324,1.2651243917224329,1.3391779627446694,1.3523776583048825,1,1,1
325,1.2722597323912026,1.3399275500824623,1.3532496545534487,1,1,1
326,1.274176584706577,1.3363745377937528,1.3519132594510597,1,1,1
327,1.2757115479661336,1.293228211028686,1.307353059024696,1,1,1
328,1.27968700845,1.2986280552115188,1.314807877595117,1,1,1
329,1.2598776230679167,1.238785699601021,1.2503693089544048,1,1,0
330,1.3360637731252836,1.364702195291215,1.3794627496170975,1,1,1
331,1.256708020129319,1.2632271638710804,1.2776322886980844,1,1,1
332,1.2649311243001862,1.3091743165185183,1.3215277561779109,1,1,1
333,1.2768510713246062,1.252677250717216,1.2627138618811868,1,1,0
334,1.2647392610009345,1.2691473679993153,1.283830406571597,1,1,1
335,1.2668008826713886,1.3267561375404846,1.3428693128657028,1,1,1
336,1.2829824801757443,1.2912608543741853,1.3045189141296443,1,1,1
337,1.253421673714025,1.2600730484244675,1.2757646802640894,1,1,1
338,1.256341004473217,1.2755730328164774,1.291236763748214,1,1,1
339,1.2723195610287383,1.307977116484676,1.323550217547091,1,1,1
340,1.2997971161663067,1.3170305103021178,1.3324637628433493,1,1,1
341,1.2944549717631877,1.3213873623027521,1.3347610546382733,1,1,1
342,1.3167678153649902,1.3717916994845587,1.385018839298364,1,1,1
343,1.2716235644096054,1.3086938031604585,1.3229260602056017,1,1,1
344,1.302073612504556,1.3289115118445596,1.3423723146166027,1,1,1
345,1.2764281490201639,1.297907735050682,1.306755274879319,1,1,1
346,1.2976028516869822,1.3118581105480651,1.3272707459691322,1,1,1
347,1.256438008307717,1.3071023827025987,1.3221298637697498,1,1,1
348,1.2606864610404185,1.3155818502590972,1.3283571528756608,1,1,1
349,1.2823412420496365,1.3454631382557996,1.3600021055276783,1,1,1
350,1.2544054569743597,1.2623488915551442,1.2780511915382347,1,1,1
351,1.274446301149526,1.2725066977132415,1.286390266398419,1,1,1
352,1.3106133023100193,1.3582305317459997,1.3707358884894656,1,1,1
353,1.2485245380284629,1.2739053799217743,1.285785286086389,1,1,1
354,1.2864873152359881,1.260062724497287,1.2744680379700029,1,1,0
355,1.267536453983029,1.3122454402206722,1.3225534785292785,1,1,1
356,1.2497275048291798,1.2461103023909543,1.2597766231422511,1,1,1
357,1.259338693234167,1.2829858571604047,1.2978569626496164,1,1,1
358,1.287543124282858,1.3215016242224007,1.337136137299814,1,1,1
359,1.2743090752100035,1.3528176633217686,1.3639833359517926,1,1,1
360,1.2644330143275382,1.291020070771956,1.3086573747558872,1,1,1
361,1.218473308404948,1.235098720949669,1.2505499618986076,1,1,1
362,1.294531241858107,1.3252260555129154,1.3371992352704287,1,1,1
363,1.2531906167441653,1.3192373938659476,1.3340525957476,1,1,1
364,1.2630346272027826,1.2540408437540451,1.2655689783645507,1,1,1
365,1.2776172378834652,1.2251924763493949,1.237454720433365,1,1,0
366,1.2124868338079882,1.249257310544642,1.2629356524996627,1,1,1
367,1.286017170851092,1.2720068384117063,1.2867289748843864,1,1,1
368,1.2446159373402665,1.2639089270541861,1.2800453216366896,1,1,1
369,1.2855105897468884,1.3107642190596658,1.324421681153585,1,1,1
370,1.2588925854831212,1.3385394673551023,1.3497704657578937,1,1,1
371,1.2586278394672479,1.3028522509038496,1.3179990202681293,1,1,1
372,1.3269428677746007,1.3863521134919592,1.3991255802351186,1,1,1
373,1.264804854720433,1.3201084736424866,1.331108340061177,1,1,1
374,1.2479757363372537,1.2732355618649052,1.2873320087818922,1,1,1
375,1.281431874233942,1.2443890076404682,1.2545786578127534,1,1,0
376,1.2672149156684875,1.267439645242578,1.279878773076704,1,1,1
377,1.3029662286235633,1.3653371354819863,1.3800398497183164,1,1,1
378,1.2869980330862267,1.3377439477297948,1.3520643878809666,1,1,1
379,1.2882862060614493,1.303256741417159,1.3106204508889103,1,1,1
380,1.3076578021370255,1.3135641577544348,1.3287610074616534,1,1,1
381,1.2598792832153367,1.2643936696201006,1.2781112302529025,1,1,1
382,1.2933525716319607,1.329070374707394,1.342427446587193,1,1,1
383,1.2801174123316426,1.2707206782170017,1.2851308587156183,1,1,1
384,1.293322957461715,1.298940313034024,1.3095432250868961,1,1,1
385,1.2964262633276034,1.3327265360125609,1.3438893057154517,1,1,1
386,1.2913881207698858,1.3172218123669712,1.3281130494351858,1,1,1
387,1.2521061505782385,1.2896849950854847,1.3092860339309595,1,1,1
388,1.2882721066831775,1.303524177328347,1.3178966202429825,1,1,1
389,1.2686313633661455,1.3666081325018489,1.3815578609413979,1,1,1
390,1.2680152609018722,1.1853120520561493,1.2001191067179948,1,1,0
391,1.253077959837819,1.2918498513116852,1.3045152837712577,1,1,1
392,1.2526437823237173,1.2667636214703342,1.282052971954217,1,1,1
393,1.2496580471907697,1.2663123582081761,1.2831926586425078,1,1,1
394,1.3241250944166714,1.3731508063246083,1.3872917102473936,1,1,1
395,1.3220380888848704,1.4491128537361564,1.4608965634782658,1,1,1
396,1.2339119625318022,1.3064015526251758,1.3230925784203762,1,1,1
397,1.256691278585275,1.2908507510178189,1.3050780272496132,1,1,1
398,1.2461939738912189,1.284200477156894,1.294017117251035,1,1,1
399,1.3042423624782844,1.3106296884143824,1.3237990908828585,1,1,1
400,1.2645358633098758,1.3236649851526336,1.334765004845693,1,1,1
401,1.2742604915149391,1.2955065705616868,1.3084160760752301,1,1,1
402,1.2651939154103333,1.3640640521251408,1.379198418686066,1,1,1
403,1.3220311779009135,1.3458520616880125,1.3613081222710444,1,1,1
404,1.2806317225660637,1.3227705552235813,1.3360085182409613,1,1,1
405,1.2731551291088772,1.2352988574716588,1.2527504205095061,1,1,0
406,1.2988199800543594,1.2871580054130145,1.2995597128100709,1,1,1
407,1.266541959702824,1.282102869070813,1.2960632686897617,1,1,1
408,1.2432478704069778,1.293146125228398,1.3059894110264116,1,1,1
409,1.3006538532292364,1.3298279181142152,1.3424214745020855,1,1,1
410,1.2838318228252659,1.286396949543444,1.295449831457256,1,1,1
411,1.2661390362639917,1.2982534503495233,1.3128371433276764,1,1,1
412,1.2690206515511904,1.2868432202182833,1.3042161426830896,1,1,1
413,1.269341399219677,1.2950734624590519,1.3051688685627816,1,1,1
414,1.278178249866007,1.3379379305265189,1.351910691064024,1,1,1
415,1.2743375863552442,1.2812538981713077,1.294179009208775,1,1,1
416,1.2975909903557281,1.3099448403288816,1.3226130293653682,1,1,1
417,1.254349773958188,1.2939219720308426,1.3065933680828705,1,1,1
418,1.276186095421045,1.3135054770826577,1.3298235607528892,1,1,1
419,1.3023930746128056,1.2088152344919405,1.2210098299647296,1,1,0
420,1.276870809491874,1.2535513793907052,1.2670089401138913,1,1,0
421,1.276127612374792,1.230609304921487,1.2495734087560484,1,1,0
422,1.3079929134655564,1.346773059073525,1.360454001571343,1,1,1
423,1.2849627766930138,1.3379059186676456,1.3502262690557392,1,1,1
424,1.28206001678255,1.2662389662581857,1.2794052135536012,1,1,0
425,1.2461165679668897,1.2704110544963527,1.2851901240717696,1,1,1
426,1.3310845517456695,1.4033126818347432,1.4140107274790201,1,1,1
427,1.2826525938547295,1.3430164269850626,1.3567672733832636,1,1,1
428,1.1939493103836534,1.2026832771409577,1.2187594806957343,1,1,1
429,1.2498963732326427,1.3066932103428759,1.3203530616111998,1,1,1
430,1.276757920148687,1.2974056577284638,1.3079734124362037,1,1,1
431,1.241167749847645,1.2769064973968034,1.2928618363828925,1,1,1
432,1.2364751470263895,1.3075079759826462,1.32398386712581,1,1,1
433,1.2620527657394596,1.3835469657847295,1.395980213943613,1,1,1
434,1.2843574472356816,1.303599678542073,1.3161246558877517,1,1,1
435,1.2432994733136395,1.241688516194748,1.2558172616899397,1,1,1
436,1.2592558997117802,1.254645490147095,1.2659667750474746,1,1,1
437,1.2509181973094248,1.2520598614889193,1.265021854995804,1,1,1
438,1.2392312481735333,1.2944776028364866,1.308399188448136,1,1,1
439,1.2420867141568142,1.3042297558870592,1.318127923623481,1,1,1
440,1.2961023487846735,1.2774903213310933,1.2930189874371572,1,1,0
441,1.2641788000769913,1.3002065596510093,1.3147766411070096,1,1,1
442,1.3071122410514566,1.3251938739981763,1.3388070225748978,1,1,1
443,1.2868184510088503,1.2942926366757683,1.3073791151016663,1,1,1
444,1.2734450756984557,1.315315208807671,1.329445657823227,1,1,1
445,1.3102931099103348,1.32089787504653,1.3345999675030855,1,1,1
446,1.2718678787723559,1.3079351869629834,1.3191119151895399,1,1,1
447,1.2917826258044491,1.3137704218291135,1.3266585030149345,1,1,1
448,1.2568772837956965,1.2915145386981142,1.303803088311911,1,1,1
449,1.3038103288902947,1.3404990966190393,1.355836947490937,1,1,1
450,1.3235189379616994,1.3775083667279606,1.3915779930371588,1,1,1
451,1.2154678993046952,1.2371185347756313,1.2483656944092294,1,1,1
452,1.2308576369647415,1.2592835443692516,1.2726395291844392,1,1,1
453,1.2233180861097308,1.295562819494639,1.3053100010977916,1,1,1
454,1.2498924071522368,1.3039561903314532,1.319603254887579,1,1,1
455,1.2894510110819206,1.2810141965807806,1.29292577154778,1,1,1
456,1.2349805732115922,1.2178036173579219,1.2314342389803334,1,1,0
457,1.2582061467426413,1.2346344208883784,1.2487375826889122,1,1,0
458,1.2399415949803332,1.3157141455507297,1.3312675040892312,1,1,1
459,1.2632940449030114,1.2556707455583487,1.2696774124249568,1,1,1
460,1.2401883632963462,1.276316148513982,1.2876749058718455,1,1,1
461,1.283316416363186,1.3377174763303434,1.3523659559780723,1,1,1
462,1.2633256228222676,1.2920903607824294,1.3097757707625388,1,1,1
463,1.2536967297186044,1.2416193187261886,1.256492517862284,1,1,1
464,1.2944206169613899,1.383541036802729,1.396806178750245,1,1,1
465,1.288613398262225,1.2670781253030552,1.2793031451768355,1,1,0
466,1.2779845158872845,1.296125675715158,1.3109845734841636,1,1,1
467,1.2933633462438705,1.3611702057992847,1.3764436661624955,1,1,1
468,1.2690699371728205,1.22094854151227,1.2332566513026508,1,1,0
469,1.268787383277385,1.275615681260502,1.29074786155602,1,1,1
470,1.283220491249453,1.3141055505077126,1.3271944935134945,1,1,1
471,1.2058598614365008,1.3053265088665318,1.3186063109243003,1,1,1
472,1.2637019223213217,1.323670263351531,1.335171398296638,1,1,1
473,1.2959202446667157,1.2870814101537016,1.2988249449517253,1,1,1
474,1.2561002224159536,1.2754348504720276,1.2871621281022334,1,1,1
475,1.2726852328051304,1.3020280572028122,1.3128982561051106,1,1,1
476,1.2551515342236141,1.3399254885764729,1.3566633867288036,1,1,1
477,1.27842773304352,1.2518712685695865,1.2637565774225095,1,1,0
478,1.2504504477757976,1.2811427136640998,1.293127552078655,1,1,1
479,1.2974724206778274,1.3464968611847494,1.3610725393925778,1,1,1
480,1.3325041537274114,1.307695964252396,1.3192359640091529,1,1,0
481,1.319573083776625,1.3579294435668834,1.3665897563530431,1,1,1
482,1.2579139500745176,1.2656828808617195,1.2760371464586928,1,1,1
483,1.2799836585179505,1.3170979932066802,1.330325190674681,1,1,1
484,1.2709046347052735,1.2614364608797646,1.276352327546114,1,1,1
485,1.3082759092238196,1.3658068548319289,1.3795248765597707,1,1,1
486,1.256933468882412,1.319424259812071,1.3342718454268625,1,1,1
487,1.240656987797875,1.2983112040267906,1.3099591856445933,1,1,1
488,1.3014741085437622,1.283656928293939,1.2963733261376205,1,1,0
489,1.2969330769567982,1.248324032476627,1.2662575826167695,1,1,0
490,1.2756312797045217,1.3035590385232665,1.3163237109427786,1,1,1
491,1.2950627618178334,1.3438428252385517,1.3561279684625474,1,1,1
492,1.3051716148837473,1.3378377735873013,1.348354581463428,1,1,1
493,1.2743106209759627,1.3877126545503289,1.4030186943575902,1,1,1
494,1.2957581393024322,1.292926194314966,1.3094382469071717,1,1,1
495,1.2314685747643805,1.2592373925726452,1.2723892286185767,1,1,1
496,1.3124422103800129,1.3592251776774031,1.3750418416093915,1,1,1
497,1.2545204635045197,1.32709863060217,1.3412800441521315,1,1,1
498,1.254529430013522,1.2493432305448933,1.2640579442890754,1,1,1
499,1.296548954853886,1.300563295992094,1.3124251431474785,1,1,1
500,1.2781171602319201,1.2769273126641825,1.2860828791019434,1,1,1
501,1.2198059692007721,1.2665008261128536,1.2810938640156233,1,1,1
502,1.2805959545009122,1.2258597444232397,1.2412522337055603,1,1,0
503,1.262260242762476,1.2679561623808768,1.2862943656238128,1,1,1
504,1.2798296085187113,1.2953471960257803,1.309364988932363,1,1,1
505,1.2578544831569505,1.261636931796676,1.276491914124993,1,1,1
506,1.3146622218220019,1.3008052785950375,1.313289685478804,1,1,0
507,1.2647243138163577,1.3229180985466555,1.3360589638131206,1,1,1
508,1.3271436783544979,1.2015538207363203,1.2135453231917568,1,1,0
509,1.2695582728615382,1.3067285002062188,1.3174990941152065,1,1,1
510,1.2859849406058588,1.2570124790772836,1.2681700033340264,1,1,0
511,1.2731722912961634,1.2414349607731856,1.252960015239983,1,1,0
512,1.3023123531204068,1.3722392406686108,1.3820782846867112,1,1,1
513,1.2309219374617602,1.2798527420002572,1.290938871039985,1,1,1
514,1.2768259242386086,1.320471081838392,1.3342883453120171,1,1,1
515,1.23402032668454,1.2733982810935602,1.2882723997784313,1,1,1
516,1.2419349135416766,1.3063922105542412,1.3212082455437302,1,1,1
517,1.3387104082908194,1.3849636487549768,1.3969768303078083,1,1,1
518,1.209197798123339,1.2156395763920103,1.224875008788713,1,1,1
519,1.2588529446874335,1.270555291705197,1.2868211702019852,1,1,1
520,1.2984031346395155,1.339733216180337,1.3509479288442936,1,1,1
521,1.2756414297484586,1.3511176729588785,1.364888909398437,1,1,1
522,1.2656288656645198,1.2558432183956245,1.2694815514616489,1,1,1
523,1.3227267471682667,1.339339408191976,1.3508675752708055,1,1,1
524,1.2768488666028888,1.294355846802854,1.3040686785886038,1,1,1
525,1.2840126991752596,1.2602315109574738,1.276881659297174,1,1,0
526,1.2814450623896079,1.2938260068060297,1.308117261565081,1,1,1
527,1.2791796411618,1.228793963010085,1.241648067720461,1,1,0
528,1.2798302919816529,1.34110632341818,1.3555629565855896,1,1,1
529,1.2721760798684405,1.267821834254567,1.2823554819549867,1,1,1
530,1.2479593471466512,1.325113861380711,1.3397919068215032,1,1,1
531,1.2469413111231378,1.2915756084534575,1.3037455688502673,1,1,1
532,1.3162331294310574,1.3909875663988411,1.4031756918333056,1,1,1
533,1.2295970094559396,1.2384944264626878,1.2509040720538518,1,1,1
534,1.2729064341889411,1.2993565524578992,1.317433728667384,1,1,1
535,1.3125371757146667,1.3409403537872862,1.3540905052171184,1,1,1
536,1.250961176255742,1.2704063180025746,1.2849994937989562,1,1,1
537,1.2475926246144915,1.2598723825994438,1.2767426520650933,1,1,1
538,1.2557534236618715,1.20115408573365,1.2121360708590474,1,1,0
539,1.2849308773413417,1.291347973770299,1.304657837291245,1,1,1
540,1.2388469308316572,1.2895372813229602,1.3028264253815895,1,1,1
541,1.2525775666526269,1.264876152213747,1.2755577879677276,1,1,1
542,1.26751974700523,1.2985639713411563,1.3138966195331532,1,1,1
543,1.2637915280860126,1.3126535907527106,1.3238153941891369,1,1,1
544,1.2774959943523498,1.269766551273217,1.2824088914463045,1,1,1
545,1.3143342556125563,1.3158105966515445,1.327677247983645,1,1,1
546,1.3130841807077838,1.3005959544017032,1.312332777283031,1,1,0
547,1.2615771007177399,1.3502074653973972,1.3646751736390417,1,1,1
548,1.2461729521809135,1.2870029231369795,1.302995845168466,1,1,1
549,1.243391542284513,1.2515066765844451,1.264632887804269,1,1,1
550,1.2443059745745209,1.2961668033616747,1.310107339877407,1,1,1
551,1.2647100137918972,1.291341779446264,1.3002552883530825,1,1,1
552,1.2867236376444267,1.2892241622815661,1.303787643675831,1,1,1
553,1.3073603246831258,1.361914108119811,1.3747414789137875,1,1,1
554,1.272797274846925,1.2366433440779454,1.2502796481995693,1,1,0
555,1.2187212565588592,1.3038080775482532,1.3152950236731786,1,1,1
556,1.222036924203034,1.2437875410302597,1.260349416964853,1,1,1
557,1.263744472621659,1.2963869188244173,1.3085097469724105,1,1,1
558,1.2721816036749667,1.1937389224914823,1.2074160635226885,1,1,0
559,1.241511677621028,1.2691618402854175,1.2793072895118769,1,1,1
560,1.280263485606927,1.302157862902985,1.3170110839286595,1,1,1
561,1.2566468805358932,1.2233441139807841,1.236425880633617,1,1,0
562,1.3156391961313318,1.335690971117888,1.3462648686931364,1,1,1
563,1.253093510104659,1.2530175525620093,1.2645191273512169,1,1,1
564,1.320312208320377,1.3507121452484139,1.3633695273251518,1,1,1
565,1.2975284720359739,1.3190367039238602,1.3341857011877036,1,1,1
566,1.310727739220771,1.2900279027845731,1.3050812727790158,1,1,0
567,1.2688889008177129,1.2283839077702234,1.2431220614182004,1,1,0
568,1.256156508040278,1.2651436837871755,1.2815794792311348,1,1,1
569,1.2959184471685876,1.3672821794708976,1.3826689719858027,1,1,1
570,1.3027172930552922,1.3883661234747584,1.3977073910817281,1,1,1
571,1.275713240049645,1.3370443295823655,1.3501196442825434,1,1,1
572,1.258631192943734,1.2891974343151222,1.303686497296244,1,1,1
573,1.2813774840795862,1.2209022500587237,1.2402019166497404,1,1,0
574,1.265545275662524,1.2985317524364595,1.3115496080803002,1,1,1
575,1.2956325352854774,1.210961176208948,1.225751691957453,1,1,0
576,1.2662829973700205,1.1920488467373567,1.2082906066107983,1,1,0
577,1.2217399421896808,1.228988135285013,1.2429132079138399,1,1,1
578,1.2842676542537625,1.3420572501689485,1.3603007419598998,1,1,1
579,1.2872274839807454,1.28044449642239,1.291540046379296,1,1,1
580,1.3443950502188076,1.3609086738082097,1.3715372441151261,1,1,1
581,1.292966160782242,1.3281114780103245,1.3418956726802629,1,1,1
582,1.2533060667470985,1.2645089781185463,1.2781083011670247,1,1,1
583,1.275647980648802,1.3030646680406814,1.3150468350608555,1,1,1
584,1.2426902482204267,1.285274749591745,1.2989089816336072,1,1,1
585,1.2603847446101972,1.2879756170564698,1.3034807670956678,1,1,1
586,1.295976637808255,1.2976638623285786,1.3146816473239822,1,1,1
587,1.2864994659879418,1.3359364877571256,1.35402938085798,1,1,1
588,1.2775132083692815,1.2461243018292982,1.263770053501722,1,1,0
589,1.2905346865737755,1.276744774642215,1.2898545473761687,1,1,0
590,1.254819743050388,1.280036882625447,1.295388135120963,1,1,1
591,1.2691972549609283,1.2466409829211627,1.259286725258945,1,1,0
592,1.2844841221397958,1.299294100970117,1.3115757502678098,1,1,1
593,1.2926189633356613,1.3186069762462531,1.3333715352652815,1,1,1
594,1.2807494843392866,1.2641238365416305,1.2815623626276877,1,1,1
595,1.2932356152457256,1.3019911813859923,1.3174099903378518,1,1,1
596,1.3321295286796173,1.4112507051394356,1.4241040735629182,1,1,1
597,1.2800511407382213,1.3356206188814936,1.3500303141705128,1,1,1
598,1.251387941180912,1.2680416767601137,1.2827434351437579,1,1,1
599,1.2546682657785428,1.2190597025325525,1.2326662914972473,1,1,0
600,1.2241834090968557,1.2377490566203049,1.2560256110164902,1,1,1
601,1.2430828062747334,1.2460049470465075,1.2612515574744723,1,1,1
602,1.2518005000274768,1.189538858990722,1.2056091399573015,1,1,0
603,1.3267714235269843,1.4083576975213734,1.4229202587064402,1,1,1
604,1.2468990970602745,1.3248525855577609,1.337313448832282,1,1,1
605,1.2847451000742622,1.3106937325679995,1.3235500027119496,1,1,1
606,1.2556879161577934,1.2845116982678277,1.2992994974691954,1,1,1
607,1.2901611918253917,1.265064171040204,1.2792111973234235,1,1,0
608,1.2626010503422067,1.2344270941045765,1.2435671696920552,1,1,0
609,1.2807061408972285,1.2756987462958074,1.2869389054262959,1,1,1
610,1.2570917884015702,1.3240068389288373,1.3353330558269756,1,1,1
611,1.298768681653457,1.3255867218142454,1.3371298174477737,1,1,1
612,1.2829402762604687,1.40133058178958,1.417225576897441,1,1,1
613,1.2701172590842011,1.3023423482285532,1.3156229586162431,1,1,1
614,1.2566453014362908,1.3163347939281291,1.324766852876349,1,1,1
615,1.2936049662868419,1.3689319330375151,1.3830182376031979,1,1,1
616,1.3077544196361803,1.3425915143581764,1.3642749325346295,1,1,1
617,1.2465445962582433,1.252377921394174,1.2655404723894719,1,1,1
618,1.26475817834171,1.2182926828371614,1.2292569200250811,1,1,0
619,1.2810477367799382,1.3191053284234537,1.3343896248200762,1,1,1
620,1.2823672134865207,1.3706168007758075,1.3824305025076533,1,1,1
621,1.2674758878335577,1.2788438485853793,1.2924337916513775,1,1,1
622,1.2254284238347015,1.2662236290996391,1.2822495268406515,1,1,1
623,1.2281915190351615,1.199754214525047,1.2090392351131707,1,1,0
624,1.2517119229281477,1.2190773513684339,1.2374130602898705,1,1,0
625,1.2921740793676013,1.308584606923975,1.3263423517023198,1,1,1
626,1.2568508478455205,1.2436024811616462,1.2579893008941077,1,1,1
627,1.2321624699456029,1.3096741941006065,1.319055888355488,1,1,1
628,1.317977673978713,1.3152892923078885,1.3285674864209347,1,1,1
629,1.2919810723181715,1.2895607290206161,1.3025922615233143,1,1,1
630,1.2753907012896544,1.2305112139389256,1.2445987321679846,1,1,0
631,1.2805811496579136,1.343450958998691,1.3578307474426532,1,1,1
632,1.2502609157751423,1.2737504021280828,1.2894041987556486,1,1,1
633,1.2583207646513455,1.3024982598061454,1.3167917822807793,1,1,1
634,1.2673333144890169,1.2684070939790528,1.2847840701512592,1,1,1
635,1.2905790047657253,1.3544382879186025,1.367406338465757,1,1,1
636,1.2509086213829177,1.283400993150035,1.2954559755494697,1,1,1
637,1.268214744667692,1.359956220090235,1.3790383219132656,1,1,1
638,1.3038348575864116,1.3666918894917592,1.378620474861714,1,1,1
639,1.2469144595968626,1.2537980523673957,1.2674063354103051,1,1,1
640,1.2558745995129585,1.271048850839481,1.285351213810288,1,1,1
641,1.3186992864210207,1.3354629191819634,1.3465393809100583,1,1,1
642,1.2931266869316496,1.3307277572536422,1.3430138310915218,1,1,1
643,1.2545561819677888,1.2910624164822573,1.3066708790441548,1,1,1
644,1.2766658726456463,1.3356915616672238,1.3479562721230434,1,1,1
645,1.2428961540535999,1.262404500313511,1.2732203172500054,1,1,1
646,1.210109368845838,1.276718688958706,1.2896536674356476,1,1,1
647,1.310061790736073,1.3052990168069523,1.318673445101196,1,1,1
648,1.2375349113746037,1.2727260579846178,1.285012061504742,1,1,1
649,1.2476485543259686,1.2134797320925295,1.227474928934088,1,1,0
650,1.2388558027140182,1.2818941070372771,1.2939789894406624,1,1,1
651,1.2751194146924318,1.3046180297105383,1.320980368530534,1,1,1
652,1.2486292330536568,1.2326022603954347,1.2459745555871353,1,1,0
653,1.2521502441407872,1.2239454214981766,1.237886996336965,1,1,0
654,1.2931217776508324,1.3196224815740494,1.3339071880472169,1,1,1
655,1.243340689814748,1.2340838762609698,1.2451279882728297,1,1,1
656,1.266153372027633,1.3116427157299064,1.3270054977519454,1,1,1
657,1.2954043653803309,1.3035782855234495,1.3200527949038696,1,1,1
658,1.30416226000983,1.3888916862785095,1.4030733356423855,1,1,1
659,1.3084978209100602,1.280499597011449,1.2913841850031513,1,1,0
660,1.292796224175758,1.2780820003960203,1.2965232364495474,1,1,1
661,1.2137958322933815,1.193203783560972,1.2090066079009045,1,1,0
662,1.2675713224307859,1.3063657472239991,1.3167901534116704,1,1,1
663,1.2612130408144808,1.2514921268722945,1.266226759369273,1,1,1
664,1.3162738203624684,1.339669673354861,1.3546114058830265,1,1,1
665,1.256739265245963,1.3384153747846437,1.3558219463521315,1,1,1
666,1.2799366589348844,1.3121997260550637,1.3282503109770303,1,1,1
667,1.2205646859083528,1.2202873774472278,1.234518653946424,1,1,1
668,1.263136435724661,1.2912573525602853,1.301994092580935,1,1,1
669,1.281723739635705,1.254375110479463,1.272010211881534,1,1,0
670,1.259263936225384,1.3162758894568423,1.3360017266268176,1,1,1
671,1.232238205890669,1.2680218356724737,1.276321410990495,1,1,1
672,1.257384768105877,1.2880484191453032,1.299157404041293,1,1,1
673,1.2559860312189177,1.3257069242207746,1.3394666577173415,1,1,1
674,1.290285622471696,1.3330837331282979,1.3447650739578414,1,1,1
675,1.2572104238004238,1.2816893710130317,1.2953918384693555,1,1,1
676,1.2824482440272462,1.3240028409018065,1.342303159128046,1,1,1
677,1.2810455405253378,1.2970743248085141,1.3113806733897826,1,1,1
678,1.3248490768067398,1.3336158123373507,1.3448749039015813,1,1,1
679,1.2902007792525052,1.2782557965861423,1.2944091639775135,1,1,1
680,1.2704361680567477,1.277634489281662,1.2902998218122894,1,1,1
681,1.2607805588315066,1.2657858437699576,1.2779602305048123,1,1,1
682,1.259030366437777,1.3028815312497593,1.3194819477944595,1,1,1
683,1.2874741337308113,1.2860281494082262,1.3020650871709196,1,1,1
684,1.268625051976434,1.31906082762176,1.3351407551146808,1,1,1
685,1.273275128579981,1.3241838101038395,1.3404817033976177,1,1,1
686,1.2289328662252832,1.278065199547911,1.2891909892649935,1,1,1
687,1.2403705535605611,1.2758582097504398,1.286409245622747,1,1,1
688,1.2585883122704509,1.3381079950263797,1.3508216782274995,1,1,1
689,1.2643723022024194,1.3016023477917942,1.3181946051767954,1,1,1
690,1.2572018455067921,1.2939323215604877,1.3088817606805896,1,1,1
691,1.300823782674513,1.2933400922359368,1.304667029496956,1,1,1
692,1.3061028478657142,1.3045841874728974,1.3189327784563003,1,1,1
693,1.2498268115057707,1.318699843953577,1.3351497809189805,1,1,1
694,1.2593674428770554,1.2980357084293832,1.3124130994308532,1,1,1
695,1.3192773645073304,1.288490852928388,1.3055222197616922,1,1,0
696,1.268065954337116,1.2508696046900598,1.26767686024528,1,1,0
697,1.2876804073273715,1.3465346904773496,1.3572539399941979,1,1,1
698,1.2989251054552506,1.3206624778684937,1.33542728683374,1,1,1
699,1.2603167136203146,1.24626620088483,1.258562721933252,1,1,0
700,1.3029887394826947,1.3856616402888529,1.4028792487662036,1,1,1
701,1.2668433890764725,1.2695815493500062,1.283099071463659,1,1,1
702,1.2816671134664062,1.3084487040587358,1.3247122810109566,1,1,1
703,1.2933308183885603,1.3121140556834523,1.3242180351962345,1,1,1
704,1.2208322527689204,1.241386132976065,1.2549838202015968,1,1,1
705,1.2565466821090479,1.3363572281569265,1.3481979029826487,1,1,1
706,1.2379401411698887,1.2131366472022294,1.2331111630004268,1,1,0
707,1.257077305882415,1.2459040379738255,1.2595372384687034,1,1,1
708,1.284978661438145,1.230918946465155,1.2452414036498474,1,1,0
709,1.2585014079070762,1.3080387941946658,1.3211736765301438,1,1,1
710,1.255613099126886,1.2602598921666281,1.2725843448251133,1,1,1
711,1.287083526264291,1.2566627925374247,1.2708390735821906,1,1,0
712,1.2571991920573053,1.272676175062628,1.2852007803924594,1,1,1
713,1.237961030763812,1.309227797259378,1.3197276189827731,1,1,1
714,1.2952851882250054,1.342449923249834,1.3522498968313277,1,1,1
715,1.2712917917890474,1.3158212558498459,1.327609233744996,1,1,1
716,1.2640078859978234,1.294385730402468,1.3073919988498524,1,1,1
717,1.293351156068938,1.3332504713824749,1.344929736986208,1,1,1
718,1.2651440737633837,1.248336947870373,1.261545827695855,1,1,0
719,1.2775768998412171,1.305712020270916,1.3207671470519995,1,1,1
720,1.262926357679847,1.3089679172743849,1.3232809730614674,1,1,1
721,1.2570760431057533,1.2581231649829736,1.2731304614871473,1,1,1
722,1.291128589769642,1.306238058783283,1.3186569715993264,1,1,1
723,1.2387187924330338,1.339579537947242,1.3515521197970741,1,1,1
724,1.2592178268022816,1.2325389167078806,1.245139097507691,1,1,0
725,1.2500823458384396,1.2657950628903596,1.280753318950268,1,1,1
726,1.2604774968740098,1.316681237714092,1.3299294584420545,1,1,1
727,1.2412516661378263,1.2765288988557342,1.2899941776536972,1,1,1
728,1.278454329895555,1.2911425723566858,1.302979432944277,1,1,1
729,1.2993853446927162,1.3192417549825577,1.3327668286450014,1,1,1
730,1.311949933913978,1.3446932943107182,1.3556927586996086,1,1,1
731,1.2910094186300378,1.3389833766345645,1.3553609708109269,1,1,1
732,1.2615605140364496,1.2893164628934692,1.3026925594378682,1,1,1
733,1.2875348149174597,1.2837070313028771,1.2982358245995436,1,1,1
734,1.2777142841276388,1.2562833177349357,1.2682894787625163,1,1,0
735,1.2603812511617978,1.2513824454918718,1.2666818288439174,1,1,1
736,1.2730797407720575,1.2886784142661427,1.3025473212293608,1,1,1
737,1.2511545313355974,1.2907390549102653,1.3068801132811834,1,1,1
738,1.2259678740106248,1.2371262252176685,1.250018331192473,1,1,1
739,1.2118686824225933,1.236628438688201,1.2533490287491567,1,1,1
740,1.2360936584089246,1.2893783826881138,1.305039179871062,1,1,1
741,1.3037148101031355,1.3610094440384741,1.3742517409998396,1,1,1
742,1.2759769135657995,1.356534018852129,1.3712129680727454,1,1,1
743,1.2809240043159384,1.3538909737442526,1.3695415296304887,1,1,1
744,1.29944834965504,1.3567973517963958,1.3713865186876368,1,1,1
745,1.3052616933876608,1.3407296746065829,1.35950926532496,1,1,1
746,1.3010269046609286,1.387250902354961,1.4005008015227567,1,1,1
747,1.252168423940929,1.3125637432275432,1.326499701165117,1,1,1
748,1.2539880895547129,1.3170802956696923,1.3307690649664412,1,1,1
749,1.2748852106107953,1.3156879176935206,1.3273477872742203,1,1,1
750,1.2317589685914312,1.3001637718863037,1.3103633882416201,1,1,1
751,1.2409398172472084,1.300713677532499,1.3133433871258429,1,1,1
752,1.2480919408347526,1.2276120932653265,1.2401867522729844,1,1,0
753,1.278014637182615,1.3197738730626833,1.3365688565573015,1,1,1
754,1.266881270800086,1.259603926420593,1.272982850953348,1,1,1
755,1.3108936341890605,1.3239435339049286,1.3378201977404267,1,1,1
756,1.267537256420855,1.2424907284574924,1.256169893147902,1,1,0
757,1.246021311759776,1.281183479768945,1.2941816936323816,1,1,1
758,1.2490531841688932,1.2995618139389256,1.3151411848297585,1,1,1
759,1.2612525054654837,1.2854868462983904,1.297116187701936,1,1,1
760,1.2875097222838574,1.424884030381317,1.4424054294822966,1,1,1
761,1.2858534993467514,1.2850437711219018,1.2960980851961232,1,1,1
762,1.2782144279813672,1.3088399730675286,1.3225135344780432,1,1,1
763,1.2379574064913086,1.2645093990746408,1.2775344869067768,1,1,1
764,1.2778581137303378,1.3537257652355537,1.3671776362952999,1,1,1
765,1.295897573209764,1.312064712689287,1.324462068873125,1,1,1
766,1.234880470242078,1.2560162455267392,1.2721977505669688,1,1,1
767,1.2731181089726495,1.2700650817106531,1.2856391849864919,1,1,1
768,1.2757468738431421,1.2605035103655748,1.2795940599492643,1,1,1
769,1.2485670193139526,1.284541564877269,1.297080271916427,1,1,1
770,1.2900876604983322,1.3640320200230638,1.3803259331391615,1,1,1
771,1.2417158699938986,1.2767368046895058,1.2863201874823103,1,1,1
772,1.3001422863256422,1.3218333957176287,1.333978158382553,1,1,1
773,1.2839119663155423,1.3203724298734232,1.3364821019782906,1,1,1
774,1.2672211992830804,1.3397871697171295,1.352739882942743,1,1,1
775,1.2946688576702083,1.2701967807055237,1.2851627382185211,1,1,0
776,1.2728652883220948,1.2719680756183793,1.2860792684084188,1,1,1
777,1.2773330183886071,1.3026785391141322,1.3180978347479428,1,1,1
778,1.280931961795188,1.3334943869485734,1.3454232394604981,1,1,1
779,1.2564367759384927,1.2098886077280009,1.2269351155018733,1,1,0
780,1.3030502179623622,1.2699282481547534,1.2834129520600195,1,1,0
781,1.3256212723900085,1.369991626251057,1.3848780440471347,1,1,1
782,1.2886544682585328,1.3573974110106342,1.3693655318659927,1,1,1
783,1.224508302939389,1.3235723770646233,1.3369558650890794,1,1,1
784,1.2675019786652617,1.25628469837809,1.2687288137586537,1,1,1
785,1.2640578973580494,1.2939349250425258,1.3113154675240555,1,1,1
786,1.2746200417794233,1.2167013683508856,1.2318215385859876,1,1,0
787,1.3028132258878071,1.3024287195832256,1.3160547181098783,1,1,1
788,1.2755789964242958,1.3398995027360798,1.3509208162582287,1,1,1
789,1.2896448301370447,1.3409737960265782,1.3525073189124837,1,1,1
790,1.236116675730903,1.2494223101786077,1.261142889974509,1,1,1
791,1.293203062570342,1.2544118538464206,1.2671303720621172,1,1,0
792,1.2612751908148272,1.2208236710915739,1.2346190201157148,1,1,0
793,1.2963780854639018,1.2874991045578552,1.3060086520947316,1,1,1
794,1.262150480189443,1.3026254603570344,1.31657811894348,1,1,1
795,1.2821769548863362,1.325950762432358,1.3338310824291808,1,1,1
796,1.314792134879039,1.3624725196921232,1.377570049339666,1,1,1
797,1.2564195419796287,1.320886511102549,1.333442861917513,1,1,1
798,1.2792901835373096,1.3161249308713132,1.3315983774317675,1,1,1
799,1.2687938603485929,1.336086377380365,1.3486856768544897,1,1,1
800,1.2691433391078097,1.2052728876640268,1.220548365444983,1,1,0
801,1.2954514850328696,1.365715994347249,1.382609865988664,1,1,1
802,1.2454256086845363,1.2850861443977886,1.2995763895595194,1,1,1
803,1.2810111305815748,1.3256322225290267,1.3389536091725676,1,1,1
804,1.2254774055275754,1.2930913041324223,1.3064982212388772,1,1,1
805,1.2599137345096856,1.2954210390697363,1.3072569860257384,1,1,1
806,1.265252598603267,1.2796924321525518,1.2921878255628119,1,1,1
807,1.2672017152339863,1.2683835045096696,1.2848703750460484,1,1,1
808,1.2785902647683947,1.3153940813400726,1.3316243170960567,1,1,1
809,1.3135388321962802,1.3316968109029879,1.3442507223800177,1,1,1
810,1.2554694670624174,1.3096964991065607,1.3230428502467977,1,1,1
811,1.2841032865025326,1.3848273924422252,1.3999360537989851,1,1,1
812,1.2737692032436487,1.3205745366236643,1.3318974072590568,1,1,1
813,1.2651304744391538,1.2794938519701806,1.293052001943203,1,1,1
814,1.2707731244986877,1.3030000605129408,1.3148478124777818,1,1,1
815,1.2551400808671287,1.2135750013628483,1.2287537098660575,1,1,0
816,1.328601196467838,1.3259482516663257,1.338963655304975,1,1,1
817,1.3077830935444212,1.2906695456660668,1.306719548332826,1,1,0
818,1.2720551312965314,1.3053717999294023,1.3181107484426715,1,1,1
819,1.2720939987045212,1.2848083459311084,1.2966361480419535,1,1,1
820,1.2586210291135536,1.249104689565553,1.266325554573241,1,1,1
821,1.2312461925482512,1.2564432299886519,1.2688164375679294,1,1,1
822,1.279718740210583,1.2727192292249956,1.2900994321440837,1,1,1
823,1.2466851313461516,1.2688480895948968,1.2847319730595936,1,1,1
824,1.2415617162249621,1.2409701116587328,1.25443995048511,1,1,1
825,1.2978953117326766,1.3038841891210027,1.3195235326721588,1,1,1
826,1.2530909333379252,1.2791340272024936,1.2940238285616998,1,1,1
827,1.2822712183328249,1.3309520744443248,1.3451979647732812,1,1,1
828,1.239406104081938,1.2462173588902978,1.2602318743184526,1,1,1
829,1.217418764781199,1.282583262737641,1.2991957420722247,1,1,1
830,1.2946278911344007,1.313184977329445,1.327612509714396,1,1,1
831,1.2828616964223403,1.2880541199420945,1.3013157890536189,1,1,1
832,1.2918501832648466,1.3418093719398874,1.3560143153934412,1,1,1
833,1.2804702977138445,1.2882214846449391,1.3066428129280319,1,1,1
834,1.2990608395691485,1.3164135380105242,1.332406876264504,1,1,1
835,1.2662412413806154,1.3724630894081822,1.3854750540493803,1,1,1
836,1.2632518735218898,1.3265724456724113,1.3404854797863326,1,1,1
837,1.2515518891313153,1.2853333308231603,1.2958032965908952,1,1,1
838,1.2431444977768973,1.302916948891335,1.3143097527743215,1,1,1
839,1.2389659439913159,1.25705236633187,1.2701742243889913,1,1,1
840,1.2875557259699646,1.3166484447764213,1.3328033131152959,1,1,1
841,1.2970399644270063,1.2913181908432163,1.3080758968160788,1,1,1
842,1.2533524924117736,1.2818842257003165,1.29235807099523,1,1,1
843,1.2400076615172235,1.2509001610367156,1.2660635957138353,1,1,1
844,1.2806840152026622,1.278824999316389,1.2903988777449757,1,1,1
845,1.284222442468301,1.3182395452913223,1.3311464588631037,1,1,1
846,1.186677684513045,1.298653496471848,1.3088123631856194,1,1,1
847,1.2445901254601242,1.268943881960978,1.2796837020841552,1,1,1
848,1.264174067752766,1.232563032523473,1.2481679085628903,1,1,0
849,1.2651124630267232,1.3077073333555305,1.3241696922347046,1,1,1
850,1.2532848786390687,1.280179903521685,1.2946602776541674,1,1,1
851,1.2432378225554659,1.2575954878316244,1.2719983686437166,1,1,1
852,1.2743018960923655,1.2558074070649323,1.2695848781233605,1,1,0
853,1.304583330085556,1.3434644272568481,1.3565390750834576,1,1,1
854,1.2629107809928257,1.2676071694003153,1.2812361885503714,1,1,1
855,1.2640755627721556,1.283796574496656,1.2976842639854391,1,1,1
856,1.3286000202148711,1.3400920794858677,1.3523783229198463,1,1,1
857,1.3065780994570224,1.2734969995622862,1.285835558177828,1,1,0
858,1.3218697222819484,1.3251134046807314,1.3380013312875108,1,1,1
859,1.252178965867136,1.285302854289773,1.304411311481347,1,1,1
860,1.2756421751523532,1.2811048696389502,1.2930376026393313,1,1,1
861,1.2731151775454508,1.2602399304943048,1.274507887905516,1,1,1
862,1.2344331780328786,1.2803908626472356,1.2917646607764364,1,1,1
863,1.2801688655221557,1.3188984678228675,1.3310702960273753,1,1,1
864,1.2963548842166484,1.374798978039781,1.3873409462059625,1,1,1
865,1.2493286074204828,1.2668932671580648,1.2818476819384306,1,1,1
866,1.3217620603781757,1.3278169779383617,1.3419714834303176,1,1,1
867,1.2529809494173907,1.2933533607631056,1.3036623419595637,1,1,1
868,1.2454334873269357,1.2672888975791703,1.2857004243104506,1,1,1
869,1.251183145137427,1.2658106238699964,1.2817462535599913,1,1,1
870,1.2763326611578596,1.330592352459195,1.340749811384562,1,1,1
871,1.315594702249409,1.3403183808284735,1.3538145657676317,1,1,1
872,1.2684521792365702,1.274249112890666,1.291112076685049,1,1,1
873,1.2742973485783167,1.3048229489605627,1.3181260574325278,1,1,1
874,1.2867590974434633,1.2796562861303429,1.2959398210369795,1,1,1
875,1.2901585806120943,1.310033307030861,1.3238507910485238,1,1,1
876,1.3188315920085663,1.3223758384394106,1.335579408956123,1,1,1
877,1.2899996551032187,1.3551450024028595,1.3737182474523564,1,1,1
878,1.3031944238508506,1.3205788100584148,1.3377985461925206,1,1,1
879,1.29327043572933,1.2801484718981324,1.2904587639873997,1,1,0
880,1.3299309522421485,1.4102876843851457,1.4256315264384882,1,1,1
881,1.3279567645636656,1.3824967729041928,1.3954978060685466,1,1,1
882,1.2840495644561443,1.2927975886205547,1.3054146732431542,1,1,1
883,1.243628576751171,1.275280237861158,1.2930058174431205,1,1,1
884,1.284152005414832,1.2207804588962425,1.2349977292367873,1,1,0
885,1.2499065344248854,1.290406388356058,1.308201660893024,1,1,1
886,1.2726307287377778,1.3375991957483377,1.3494254548647564,1,1,1
887,1.326508083608149,1.4122540027443544,1.4263837948633384,1,1,1
888,1.273477896234769,1.2487771079933703,1.2633544366225034,1,1,0
889,1.3009824165078308,1.3156909863172443,1.3256814713981335,1,1,1
890,1.2799820282368948,1.340002784506587,1.355394478521488,1,1,1
891,1.2389355711177992,1.2860407995976044,1.2969919171998578,1,1,1
892,1.25939067640905,1.2315499668585608,1.2472896900685142,1,1,0
893,1.2654436964516043,1.2244210458739209,1.2380467253916199,1,1,0
894,1.292123479854661,1.297789907748389,1.3155375592005125,1,1,1
895,1.276563447778466,1.270011370317869,1.2806233843638088,1,1,1
896,1.2982988509207092,1.3760866867091328,1.3917627184654622,1,1,1
897,1.2820404154336233,1.3144338675505276,1.3247452091481307,1,1,1
898,1.293073866729685,1.2532433319570129,1.2701735836453452,1,1,0
899,1.263380300430182,1.3044916542160243,1.3203144136054525,1,1,1
900,1.2780206749544474,1.2336010178029206,1.2500273127671961,1,1,0
901,1.262158413752731,1.2916040362443157,1.306086164933124,1,1,1
902,1.2103981743724002,1.1927097785598861,1.208233794974121,1,1,0
903,1.2967677598759744,1.3053910026635636,1.3213375074874394,1,1,1
904,1.2770623004279276,1.298008453614474,1.3107993113823375,1,1,1
905,1.248652072784962,1.292082363871923,1.3070078016781155,1,1,1
906,1.3248166451239731,1.377066100316729,1.3909576206960648,1,1,1
907,1.2255775873169512,1.2074292701425904,1.2222856078367565,1,1,0
908,1.2835403301838273,1.336054163129108,1.3459653997281094,1,1,1
909,1.281594358256661,1.3194230297132827,1.327968275867439,1,1,1
910,1.2984471012221395,1.348655980130481,1.3597497278431634,1,1,1
911,1.29456406574732,1.3573880095089583,1.3706784213573284,1,1,1
912,1.2148977820961142,1.2383425751639767,1.2488083832707315,1,1,1
913,1.262860313826114,1.2862302150219052,1.296381201383744,1,1,1
914,1.267705565448648,1.2115726227888384,1.2249102123868187,1,1,0
915,1.2571533794353769,1.293694114094012,1.307992953697314,1,1,1
916,1.2490845670207165,1.305577485286356,1.321041351574203,1,1,1
917,1.2639615019598986,1.2802414411346263,1.291948934247712,1,1,1
918,1.2818618567698072,1.2837473536078747,1.2996418203728444,1,1,1
919,1.2251740292786273,1.2023238330832735,1.2184362124053487,1,1,0
920,1.243593593878058,1.2132311892803738,1.2331686568246778,1,1,0
921,1.2803039803611516,1.2917264209053603,1.3067131879089438,1,1,1
922,1.2509036509111917,1.2997050111007675,1.3163774801200667,1,1,1
923,1.2805382490740713,1.3139821624935337,1.325322022927492,1,1,1
924,1.2844393721715044,1.3014439717952346,1.3143274708316597,1,1,1
925,1.2669167414301092,1.2558248465509085,1.2703802525539751,1,1,1
926,1.2296977384415613,1.2304861692581217,1.2451631380934622,1,1,1
927,1.2759397499032357,1.2909383889194006,1.3043186962430882,1,1,1
928,1.2847236355338876,1.3337286245623383,1.3456325548300916,1,1,1
929,1.2868943371618968,1.3132283692436124,1.3285053364316008,1,1,1
930,1.2578467548969416,1.279687995581629,1.2926549481624119,1,1,1
931,1.2608893281675178,1.238099653654204,1.2552240403573978,1,1,0
932,1.303834329905156,1.3650411618302798,1.378666874096629,1,1,1
933,1.2609601837422189,1.3022149814914545,1.3177232084443462,1,1,1
934,1.2779019106965417,1.3083225108255991,1.321264189334057,1,1,1
935,1.251685537673709,1.242331432073428,1.259259378722514,1,1,1
936,1.2825527583542486,1.373750196661873,1.3895486444479408,1,1,1
937,1.2829296925166724,1.2783325699592405,1.2917701924036804,1,1,1
938,1.2354793245553128,1.232563633518592,1.2522256714010453,1,1,1
939,1.3215810406376067,1.305802129680979,1.3165705638271914,1,1,0
940,1.2995462300736114,1.395218306339318,1.406550260327001,1,1,1
941,1.2444132994565058,1.2491878400165501,1.2625349882373391,1,1,1
942,1.323503564000379,1.3912926104136452,1.4035731096541675,1,1,1
943,1.2906856557997584,1.3028791172467424,1.3189373636201271,1,1,1
944,1.2831736854831552,1.2892030713572973,1.2998760597683487,1,1,1
945,1.2812443462177623,1.3238246716181892,1.3392163880159162,1,1,1
946,1.317799532231667,1.3554058394157904,1.3683456870051356,1,1,1
947,1.2988664715377078,1.2903421246349795,1.3035761608305676,1,1,1
948,1.2773060897230621,1.3400552339818972,1.3524838552558685,1,1,1
949,1.2594288216367702,1.2910474679207145,1.3031710476229077,1,1,1
950,1.2638613918981032,1.261781164778966,1.275844008435234,1,1,1
951,1.309852388815848,1.3219834735712364,1.337172652821234,1,1,1
952,1.2481126547053902,1.2939148288595634,1.3088273050526646,1,1,1
953,1.2605527924397613,1.2745207575227666,1.29092645240034,1,1,1
954,1.2793790791571868,1.3037525777470318,1.3202478814931913,1,1,1
955,1.2806287653851651,1.3259752141238825,1.3384723619337215,1,1,1
956,1.2994270634878926,1.3239378550704173,1.3404989819140445,1,1,1
957,1.257572141035361,1.3099058292744319,1.3217768479781051,1,1,1
958,1.2504492517555306,1.2747679142935953,1.2888904844698796,1,1,1
959,1.2838488862679083,1.2712274503316567,1.285300530769029,1,1,1
960,1.314629053551398,1.3206252532204579,1.3372065629465164,1,1,1
961,1.2835510966876766,1.294463274812817,1.3097346435874282,1,1,1
962,1.2419022376937634,1.2353632359097457,1.2549427207827524,1,1,1
963,1.28663775285246,1.2855805154582343,1.3021940441000537,1,1,1
964,1.2755080734759774,1.3150558632252198,1.332047504992013,1,1,1
965,1.2549805464366228,1.3030674244502638,1.315464121138391,1,1,1
966,1.2415303564078293,1.2512738766819866,1.2602873940901271,1,1,1
967,1.25578213182178,1.2750282543100968,1.287954036383035,1,1,1
968,1.2819862704129035,1.2833804006369616,1.300027733026971,1,1,1
969,1.3678235930917193,1.370997322440438,1.3901849098544807,1,1,1
970,1.2692465129599786,1.2904142216037404,1.3052184070088577,1,1,1
971,1.2757982984335103,1.2629789917396808,1.27668386980735,1,1,1
972,1.2756125667270357,1.3362414115349768,1.3473578408601157,1,1,1
973,1.256423452650412,1.2613812484192222,1.2715742440548605,1,1,1
974,1.3163206423764935,1.3533538736817314,1.3637400705473766,1,1,1
975,1.3221006932598662,1.3579152979305373,1.3712038056267146,1,1,1
976,1.292483039913206,1.292515734925177,1.3070987298668513,1,1,1
977,1.2797862377575566,1.3328139839845217,1.3501457351457022,1,1,1
978,1.2452067235862287,1.3343647803551744,1.3479471851803249,1,1,1
979,1.2963111522966508,1.2582514995938014,1.2741009639918992,1,1,0
980,1.2642468875914428,1.250457229960776,1.2612594906330197,1,1,0
981,1.2691066788619,1.2732193508163936,1.288960618382494,1,1,1
982,1.2751360389480706,1.273785130744543,1.2888088072797215,1,1,1
983,1.2209341790343868,1.2142909241958602,1.2282890100387605,1,1,1
984,1.2854013692536441,1.2427016858214703,1.2582866048065255,1,1,0
985,1.3210920056893218,1.3073912669471472,1.3223386509438406,1,1,1
986,1.2875679921378687,1.346549872900007,1.3590346069955819,1,1,1
987,1.2705341627802138,1.327404351480707,1.3405479467376686,1,1,1
988,1.299596809947624,1.3230996089461453,1.334579878955823,1,1,1
989,1.2712857861570743,1.276456019776763,1.2916764019283107,1,1,1
990,1.264138820287398,1.278149046353115,1.2930304690260523,1,1,1
991,1.2806033854221757,1.2251981045992903,1.240070170114937,1,1,0
992,1.2890198786240552,1.2962774541373718,1.308280514405273,1,1,1
993,1.277733382823002,1.335158761338592,1.3493815917761347,1,1,1
994,1.301692265447851,1.3556774283446678,1.3677458088919436,1,1,1
995,1.2429262839871305,1.309129682602187,1.3224150439030005,1,1,1
996,1.2910044272255183,1.2986612533345145,1.3146056266828312,1,1,1
997,1.2093750662675737,1.1936908449941313,1.2055932427816665,1,1,0
998,1.2583662880088666,1.3053992840721385,1.320394797300791,1,1,1
999,1.2964830690642988,1.3153856637786911,1.328754468730158,1,1,1
1000,1.3033652607763733,1.3101588067067067,1.3212525160429838,1,1,1
