seed,effect_deepfaked_MAP,effect_deepfaked_95_CI_lower,H567_deepfaked
1,2.863034277498545,2.4373237691607352,1
2,3.1663557980123995,2.849002338392445,1
3,2.942577000386209,2.57710816443493,1
4,3.09026475813441,2.69053192177785,1
5,2.901820138149665,2.5100254568510114,1
6,2.581906686089202,2.1716307948215237,1
7,2.9297033145417086,2.4976521649855288,1
8,2.944901735346258,2.5652875128230033,1
9,2.7845072447806136,2.3722332871218677,1
10,2.9193715985323054,2.5201196496322362,1
11,2.9625924569323856,2.533079321766589,1
12,2.8766351497187763,2.53221392819269,1
13,2.457094968882758,2.090826416824924,1
14,2.464935518652948,2.078464325546791,1
15,2.7866243880559676,2.4206800337627996,1
16,3.140519452321705,2.747925134478537,1
17,2.794660552357328,2.4620725357790447,1
18,2.6038414508201577,2.2482649983325502,1
19,3.1980775439934828,2.8385016317537564,1
20,3.042793289870444,2.5609242699884813,1
21,2.7746579714185318,2.369774022980403,1
22,2.574519972394329,2.1993990356467896,1
23,2.882220654551387,2.462236836182293,1
24,3.1132412384183015,2.703538531519068,1
25,2.6610415297951033,2.3204848694606452,1
26,2.489840407357445,2.127738371574279,1
27,2.8639400303375218,2.482491870781158,1
28,2.5419871595001333,2.1890463879006057,1
29,2.678050729579219,2.261811474764113,1
30,2.8607516987649944,2.4318724083558467,1
31,2.6867160577162847,2.3044696753597074,1
32,2.5889976302026056,2.2078673924677226,1
33,2.7192894989140384,2.293214736469851,1
34,2.5183571619126037,2.1052946173705567,1
35,2.4839773001958347,2.113937172795649,1
36,2.470909530229675,2.0682491555084086,1
37,2.8814643289235695,2.5367019477610424,1
38,2.614398605395742,2.2519439568444555,1
39,2.79935012595917,2.428262337409714,1
40,2.655032050898063,2.3165478931848376,1
41,2.810066780501913,2.494621111614854,1
42,2.8736038627809695,2.4768136674716987,1
43,2.6536447510980916,2.245484889752735,1
44,3.2599311462695884,2.8989585359141956,1
45,2.7752361166145905,2.4214986710351614,1
46,2.674018460535946,2.2770152611777994,1
47,2.7821776488802823,2.3616541842053795,1
48,2.6557930741480584,2.287730241011814,1
49,2.8121386275969495,2.448318474972379,1
50,3.16014110044605,2.7654026758449732,1
51,2.868083072946549,2.4325128401790876,1
52,2.9293144088017433,2.439866122133239,1
53,2.7298838756025985,2.4177318456863066,1
54,2.8349385677085444,2.4247701312812127,1
55,2.509394862886685,2.129582406502985,1
56,2.924422383285177,2.486922772306202,1
57,2.825918795339605,2.3982291434206946,1
58,2.541509748488902,2.1612521842521795,1
59,2.4585800959752215,2.0697375419206665,1
60,2.895078400555543,2.5099801844127,1
61,3.196435171254641,2.790922020414157,1
62,2.335709572578453,1.9067341104006457,1
63,3.1958287903050606,2.822565356286186,1
64,2.760791638530579,2.3886092846093385,1
65,3.1913108737188542,2.7966958091425465,1
66,2.7181738558748396,2.274899215798858,1
67,2.7779065615629426,2.3734385544086805,1
68,2.6284912436353394,2.206003665217923,1
69,3.1225097900411085,2.750839512697062,1
70,2.8862139531541913,2.474126826343601,1
71,2.6525008382314845,2.2620179447397497,1
72,2.928626784988377,2.5370249140488057,1
73,2.7401764467973084,2.3816571746662323,1
74,2.901240734761608,2.5208301656164442,1
75,3.0208916388597946,2.625807649075838,1
76,2.8202075194877967,2.400759449777535,1
77,2.8028401183697516,2.450154016821277,1
78,2.8700067859245815,2.3998028340119784,1
79,2.4375883808923913,2.0760572292545088,1
80,3.009401660303631,2.6379663050282978,1
81,2.508575828358553,2.0955097594216636,1
82,2.5890016867790346,2.189473807547214,1
83,2.7331279221806453,2.362901362830045,1
84,2.4764546367159737,2.150052022929588,1
85,2.9588260714505634,2.5853616932278016,1
86,3.1523286080562465,2.7620466083439648,1
87,2.8833360902060075,2.5172395237710994,1
88,2.866815812172645,2.4704424278271246,1
89,3.1984077055334277,2.755383904536401,1
90,2.8836803235120407,2.4994712237737966,1
91,2.924760274979414,2.5259236945054924,1
92,2.9303336938986653,2.5159162350514195,1
93,2.81044488710911,2.401658523610859,1
94,2.663353448011966,2.2935303672899483,1
95,2.563075881849845,2.240541170227173,1
96,2.530666636716085,2.1716437810325337,1
97,2.928960020821978,2.513875013768537,1
98,2.9493643391081625,2.5462624318036844,1
99,2.6133867641826187,2.2481836962519557,1
100,2.7470183897004956,2.374121322562198,1
101,2.503122889569741,2.112077994305765,1
102,2.666560611592336,2.2122117846376086,1
103,2.7560636751388756,2.401064161891584,1
104,3.048814090724059,2.651783791601306,1
105,3.1721618078743012,2.756441818745756,1
106,2.328300279815559,1.9292175555615192,1
107,2.9035829132409017,2.5399916660002937,1
108,2.7172556142169118,2.3111094362916322,1
109,2.6087095366036337,2.1638995293342447,1
110,2.6056414654546436,2.210720632776769,1
111,2.9504408953145855,2.5463477778265404,1
112,2.937030160082339,2.568444133537999,1
113,2.636798046425458,2.2634237854981505,1
114,2.697716159527037,2.302305387432199,1
115,2.9318351597039842,2.505680198700964,1
116,3.037943062460216,2.7111284008587075,1
117,2.6169806506006683,2.1872520153130575,1
118,2.738013531369388,2.370696505240705,1
119,2.476903105267187,2.086479259933013,1
120,2.8731419654338346,2.4828079456148027,1
121,2.324453606405389,1.8909367836082487,1
122,2.6276545522916814,2.218296636945003,1
123,2.7155653703483544,2.316075903588542,1
124,2.697239715718752,2.2779682551820843,1
125,2.711541514333492,2.284269263137899,1
126,2.6990803720782437,2.368335805903682,1
127,3.074317263480658,2.6342416756177958,1
128,2.9460892254176314,2.536325802977042,1
129,2.753869841207889,2.3444354265240275,1
130,2.6009507663080944,2.175091506536443,1
131,2.7276630106132806,2.319299315536773,1
132,2.4731554351175715,2.0975161723388953,1
133,2.6906044674723084,2.277331935530302,1
134,2.8861100469000274,2.4792539133239035,1
135,3.057641411722722,2.7176945957111434,1
136,2.9551999908851427,2.5897347502274344,1
137,3.00719384251275,2.571073895729489,1
138,2.7239532875367,2.3599722508398573,1
139,2.905589330346,2.53042768649785,1
140,2.9566413867999617,2.5453799830392763,1
141,3.0079750894149986,2.5720642830122165,1
142,2.6786590019382723,2.286191586134719,1
143,2.8505546760441467,2.437189915036455,1
144,2.9353681941094543,2.480093027235556,1
145,2.7152476367691984,2.2999814006090245,1
146,2.839089652492768,2.4521418123562877,1
147,2.6806791808891814,2.2888068114927345,1
148,2.580269930996846,2.1593673805530864,1
149,2.993429783838107,2.653024255485141,1
150,2.5541331839371697,2.1245046293488126,1
151,2.6897728820417477,2.27919994235093,1
152,3.029489967926437,2.6213883125290742,1
153,2.5067058228299013,2.0804291141988767,1
154,2.790810420405051,2.412745934185055,1
155,2.989369846443586,2.6109327868433883,1
156,3.0576701322654074,2.660893667177931,1
157,2.9263794856677436,2.5675053317024368,1
158,2.779143496194161,2.3439214331359413,1
159,2.7178415706388397,2.3059791276457244,1
160,2.897624172345769,2.5307913649765914,1
161,2.6113098210419463,2.187525411747015,1
162,2.9750456616261385,2.6104447407130507,1
163,2.860022435989811,2.4791238806965454,1
164,3.1769808740008454,2.7674765505934342,1
165,3.32665978574838,2.8691618376677,1
166,2.6140386908548146,2.234739046013924,1
167,2.95813710554657,2.6013447097848967,1
168,2.6218628823747023,2.1837719320164712,1
169,2.6782933294253093,2.3436260533553495,1
170,3.0624256156680087,2.6618017309119635,1
171,2.9695215351569915,2.6343103231274556,1
172,3.041437477479762,2.6774522910689926,1
173,2.896592827722964,2.535903413208262,1
174,2.499705385019822,2.113009720252694,1
175,2.855522487270538,2.472670332444322,1
176,3.149014578935432,2.7767077708775605,1
177,2.748205799471233,2.400447615380646,1
178,2.9009531880107335,2.528238300186185,1
179,2.7509501130998624,2.3608685234534503,1
180,2.8365902408531305,2.404565765938108,1
181,2.9656441261792277,2.5992166513924904,1
182,2.581091026525186,2.2262951237519073,1
183,2.6893282755454115,2.3138482927007624,1
184,2.7318560612837355,2.3252969397728003,1
185,2.746574949629673,2.4248853650953572,1
186,2.546117108643508,2.194335974017264,1
187,2.491999256212769,2.1155807141170055,1
188,2.9475922362029046,2.5903170924260777,1
189,2.461347476088951,2.11584538703784,1
190,3.0794210835349203,2.669012369970476,1
191,2.8129649582619636,2.400210972718315,1
192,2.662216049778885,2.2419565759678997,1
193,2.9253281665500697,2.5678575299927617,1
194,2.4270753029192997,2.0713722173351132,1
195,2.932907068261672,2.536632448991265,1
196,2.877461488302121,2.4983845874361994,1
197,2.9128602539725534,2.498261438402273,1
198,2.7954704321757418,2.462992388075497,1
199,2.9582463208035135,2.497714353503003,1
200,2.694149211919756,2.2577686568633686,1
201,2.7611972217216865,2.3750250029637816,1
202,2.3908059839465774,1.9637039102822074,1
203,3.0954677180266015,2.701450342825862,1
204,2.968835396877681,2.558274095337653,1
205,2.852718509832664,2.4597865704902193,1
206,2.6415208918754667,2.27400295953988,1
207,2.5079613908524254,2.0810533777401825,1
208,2.387884895253614,1.953319220361976,1
209,2.374326017114614,2.0316502257262927,1
210,2.5932860052117874,2.1624744508914695,1
211,2.711639650312086,2.344267065845105,1
212,2.90629115104439,2.490462986411259,1
213,2.422130619974797,2.03449481902282,1
214,2.662130160649786,2.267457237778419,1
215,2.794278955145106,2.3908086971226226,1
216,2.5652956191226832,2.18360801300688,1
217,2.4905110528112866,2.1149664148404748,1
218,3.11154452431434,2.6666875605376,1
219,2.559761724338425,2.1885374475054413,1
220,2.7578553640280585,2.368806682624842,1
221,2.668004476759628,2.3077102384578163,1
222,2.5224055753221357,2.1132852886760314,1
223,2.667208606254344,2.2812446344184463,1
224,2.8642963867965494,2.493918071055911,1
225,2.9988819097288415,2.6045558698375486,1
226,2.5034139663453163,2.0873814092931053,1
227,2.9736930130909034,2.624284572638385,1
228,2.6714566248324116,2.2544320961794386,1
229,2.4965745091245073,2.1864974161035007,1
230,3.3975801593882085,2.9142958914727397,1
231,3.0102063331946054,2.590506828757501,1
232,3.0587106092811878,2.680203762091595,1
233,2.979940302590801,2.635737845833628,1
234,2.7478961253046004,2.316810979209757,1
235,2.6399371298751397,2.23048984147196,1
236,3.1912761465168233,2.8234749796031045,1
237,2.7101147997114454,2.326990887898055,1
238,2.8276329822696162,2.464791681153819,1
239,3.232297526599175,2.8709652327945747,1
240,2.9260474626059025,2.5558082747341895,1
241,2.9797263291033023,2.5602431358309063,1
242,2.869644048427186,2.4768533437976736,1
243,2.6865010890991474,2.3439258931598173,1
244,3.1358156404585396,2.771839226659405,1
245,3.1080586254803038,2.6900741915231623,1
246,2.817151240558702,2.397329635033526,1
247,2.630402692075677,2.25358682051556,1
248,2.729998856421283,2.296584034362978,1
249,2.791913170831516,2.415796966921585,1
250,2.7284406940826647,2.3475319049283887,1
251,2.7508620653466105,2.410429974813779,1
252,2.784219639290257,2.3638775407987684,1
253,2.815756740978477,2.4401445033839484,1
254,3.0768331397617796,2.6980456992931106,1
255,2.795710138955398,2.360682872186564,1
256,2.582409142107318,2.1595411780051097,1
257,2.8978289369718087,2.4730465650432576,1
258,2.648905300368738,2.2315501675316485,1
259,2.790828394093447,2.4681279965802,1
260,2.5738990013455343,2.2038106210633237,1
261,2.595487781767969,2.1730435922268088,1
262,3.005114548567964,2.6221748176742135,1
263,2.260999517138001,1.8757227071242752,1
264,2.5302539939709985,2.062449472421501,1
265,2.990731013576644,2.566672575620447,1
266,2.41815974321185,2.0068812470396598,1
267,3.0454091276013795,2.6554497464341464,1
268,2.890615078199717,2.493432561077948,1
269,2.9588954320023295,2.552663001641446,1
270,2.6001154138819027,2.2566721293877485,1
271,2.827166887197217,2.468400684352252,1
272,2.2535779474187403,1.8834593242005302,1
273,2.7482732414990334,2.3707341667688877,1
274,2.660498776620397,2.310084504790305,1
275,2.79856216108236,2.375397030349488,1
276,2.618589873457054,2.249355103903305,1
277,2.3772905459289686,1.9839396224306614,1
278,2.921193266301952,2.5454266289287353,1
279,2.9983754489518644,2.7053138380857975,1
280,2.957144311322696,2.557418715125492,1
281,2.908190925953299,2.500358044834976,1
282,2.3963923192578216,2.0122613367380735,1
283,2.773662556740697,2.398142309602812,1
284,2.7275465510212333,2.337388522178673,1
285,2.7915658433612616,2.423096524709872,1
286,2.847717375545022,2.440131565955024,1
287,2.778405921046967,2.390589683650748,1
288,2.7198987586768197,2.3511161966337197,1
289,2.607487116362049,2.2332976586089406,1
290,2.7242557447563933,2.2991925404733324,1
291,2.477428550892156,2.085514019303024,1
292,2.897671519942798,2.4782522480151985,1
293,2.742683816844014,2.3990046622787067,1
294,2.8396625458152225,2.505699113464432,1
295,3.006449282481557,2.5994597849620034,1
296,2.9751617654667943,2.5459852645398793,1
297,2.9914655296004957,2.6199004007287585,1
298,3.0538535610789834,2.6362669751284615,1
299,2.866364219372089,2.5420776268755487,1
300,2.6411153628210595,2.2851608944293864,1
301,2.8190376032285926,2.4197138381895993,1
302,2.85017510631267,2.42730507252254,1
303,2.715298286912533,2.3630082143685556,1
304,2.9167749768337816,2.4776643388180273,1
305,2.9022297471081777,2.513900155188308,1
306,2.926359543166423,2.504559849102223,1
307,2.7089720969140494,2.3360538250465384,1
308,2.6945958624943183,2.3052527290192337,1
309,2.9592722089096375,2.5686633025183103,1
310,2.827527202022914,2.4061727650753695,1
311,2.7511504605779313,2.3451684020094135,1
312,2.8184479291168643,2.4834551261775992,1
313,3.0379229943185355,2.631849612157711,1
314,2.7355571744247755,2.358234803504705,1
315,2.926353533632942,2.563114343802986,1
316,2.363964401534058,1.9925089693873428,1
317,2.763139278193217,2.2808042734505665,1
318,2.971245075619526,2.563709598422919,1
319,2.926345730175218,2.505610973632306,1
320,2.746178949550461,2.301216966640142,1
321,2.748052402755997,2.3368117792530296,1
322,2.771677330302768,2.3880825739346014,1
323,2.92819025879101,2.528940465377963,1
324,3.0975538518123447,2.7679682738407925,1
325,2.823641094791521,2.4898523256930365,1
326,2.545767294613084,2.1543058996537123,1
327,2.735451880855908,2.3585511143364206,1
328,2.6570357827426054,2.267398952609618,1
329,2.568386622305234,2.1597439129556424,1
330,2.918842965506718,2.4837127693755847,1
331,2.923848788945851,2.527108225366738,1
332,2.9304440742285087,2.583078894760563,1
333,2.675731511742618,2.3044856796397037,1
334,2.8109377203597616,2.4437851852942796,1
335,3.018002341615749,2.6274176901434383,1
336,2.9985584253174364,2.624524899419229,1
337,2.7223394326395733,2.3611033034951774,1
338,2.67445271883087,2.262745346577544,1
339,2.8306316529857796,2.420261306328668,1
340,2.221532814292912,1.8239077562978327,1
341,2.818054264731763,2.4368384524249347,1
342,2.410394126683896,2.0113922033934464,1
343,2.764070616825865,2.4195775810262194,1
344,2.3875916856107118,2.031031239107233,1
345,2.6652205257146067,2.288194897036004,1
346,2.363935563366707,1.9424013580717754,1
347,2.6053406602113927,2.2545748868265916,1
348,2.5619852495117934,2.184917596310183,1
349,2.4398218835954855,2.077779404246236,1
350,2.9523259797705625,2.504053686561171,1
351,2.6770150569370177,2.292041796302373,1
352,3.0119979035931923,2.634190573514005,1
353,2.8489672487336466,2.3992562735628398,1
354,2.6609731530850556,2.2841376644066433,1
355,2.705710589761108,2.267290672616926,1
356,2.948255095014405,2.515858938747699,1
357,2.95395351495634,2.5257322114534615,1
358,3.035250237596094,2.632800929524621,1
359,3.0536313291939217,2.692459643194302,1
360,2.838811994849452,2.4498991688467977,1
361,3.128757574799847,2.6919221785949454,1
362,2.751110303007997,2.355522441538199,1
363,2.8211153939533813,2.4222373281640044,1
364,2.6150037542183826,2.2405086015229108,1
365,2.721840207920713,2.368387614039781,1
366,2.7115602546357427,2.339817655458691,1
367,2.689380258926728,2.2160899120924737,1
368,2.7125882016510467,2.3233967275611946,1
369,2.6935538694088876,2.2681813759670137,1
370,2.734647990800588,2.358549196331185,1
371,2.659010272512578,2.2764868695714497,1
372,2.7270293907481,2.323282373064771,1
373,2.9989169124131276,2.577945823013503,1
374,2.813289078555571,2.411128427315771,1
375,3.02923304098411,2.5761393546965747,1
376,2.760291742026865,2.3570622468717373,1
377,2.494371477937579,2.1037084326807,1
378,3.057309205974498,2.674995333933893,1
379,2.7002818443160503,2.3397953938484566,1
380,2.9750290582170975,2.522416943632308,1
381,2.625035674751392,2.2123007030234425,1
382,2.8450407616402935,2.4853899847715173,1
383,3.0690285666312187,2.6902976165135724,1
384,2.9243385023316124,2.530450602793695,1
385,2.7416050984615454,2.3819570498892744,1
386,2.4322763595080072,2.05180310423947,1
387,2.7916521080506107,2.3830033771650165,1
388,2.9337723259276336,2.549289901298003,1
389,2.835978991017719,2.457783396860715,1
390,2.5677522376030897,2.2092096893433526,1
391,2.6433364121399157,2.2567505564082446,1
392,3.1739961661835534,2.7583961073108245,1
393,2.8180107182077094,2.3859602126384805,1
394,2.884145238506048,2.5164358377539635,1
395,3.1217162086634582,2.7871174248335886,1
396,2.719565074088838,2.2951135158627247,1
397,2.598175890058953,2.2415514606069302,1
398,2.6641454333683363,2.228214739705078,1
399,2.7841821045974577,2.3890810174499384,1
400,2.986004275483405,2.559572552639134,1
401,2.4908888545639787,2.05347677520447,1
402,3.0070778300869305,2.580426988963109,1
403,2.9046176246997755,2.4940188887278163,1
404,2.9070763960901873,2.43148429861406,1
405,2.5738751549536647,2.128883622109786,1
406,2.725186869009933,2.3356701369443402,1
407,2.7371390959891686,2.3539968894050274,1
408,2.4158929876109547,2.0008256236315343,1
409,2.7528178401767063,2.330862025368717,1
410,2.898731560288165,2.5107612776653148,1
411,2.6075585859632318,2.2525169212993927,1
412,3.2410999331676944,2.8629913233419257,1
413,2.3468303666331627,2.0073966777344987,1
414,2.850421287875746,2.470018436521344,1
415,2.734747249218232,2.403683524323404,1
416,2.787724311156204,2.4241760405457184,1
417,2.7792487531467778,2.3975033375632764,1
418,2.6409640118489155,2.2517030017766353,1
419,3.313071508882897,2.9173901638740287,1
420,2.7590806832381256,2.3353754255571113,1
421,2.3851209335259558,2.0048497647214076,1
422,2.7556314431635833,2.3792023107547826,1
423,2.835042682862615,2.4258418560236583,1
424,2.987855186134027,2.5220070261491774,1
425,2.7814000612147627,2.4188526161270287,1
426,2.8912774873524425,2.5050354989903743,1
427,3.0096282528818463,2.6124880252452396,1
428,2.9813360353596954,2.6203321310944263,1
429,2.9694558503602235,2.5889056934434094,1
430,2.833163812508615,2.4026180215824473,1
431,2.7264547477572263,2.3022449416615247,1
432,2.7591224020794716,2.3959681790777383,1
433,2.813290851778828,2.450119485969418,1
434,2.634355811520103,2.234943913298908,1
435,2.7399415524470294,2.4298986120757915,1
436,2.9487461906678982,2.5913704142967493,1
437,2.2350849799948196,1.8638793943656073,1
438,2.922205457037737,2.5401340331831954,1
439,3.1474570093176775,2.6977267934051907,1
440,2.9032088821374207,2.5460178034110053,1
441,2.6057169431089546,2.2050461072034886,1
442,2.617262445655237,2.2630460964759074,1
443,3.0281535847165912,2.6565428380407465,1
444,2.40047433314304,2.053659000202189,1
445,2.7286615580632483,2.373410496801377,1
446,2.489073004535989,2.1301934947464654,1
447,2.798583394824043,2.4210651129642886,1
448,2.6611971529300593,2.326934513673345,1
449,2.6661852930655305,2.2382575905831765,1
450,2.9820802191097924,2.562710358854793,1
451,3.099873835348066,2.72343828402304,1
452,2.4891751376088465,2.0494377151504186,1
453,2.6395548368353983,2.2990484704207734,1
454,2.90058344130706,2.517394643770756,1
455,2.90859122880786,2.500234007832103,1
456,2.5195066762771368,2.0641365579401376,1
457,3.1592238008834217,2.7880287511299264,1
458,2.959465789858665,2.5872297510952897,1
459,2.951543379169611,2.534735645175631,1
460,2.9557691192069253,2.621059973662275,1
461,2.8861489195198993,2.4960310584536844,1
462,2.36635811044726,1.9704952899920234,1
463,2.7337512986484116,2.371482086029573,1
464,2.8920796215432882,2.4854506494069017,1
465,3.0449907543929804,2.61519319579925,1
466,2.754693633024022,2.3401899593536726,1
467,3.050010940969107,2.6137241914895735,1
468,2.8314308550499767,2.453972419689186,1
469,3.1572210700311536,2.7424084328322547,1
470,2.687276590322881,2.309153568916437,1
471,2.8720428812367467,2.436661299596683,1
472,3.078077818428609,2.6745045095482043,1
473,2.8683959242162036,2.479289793488662,1
474,2.64744647696563,2.2255826259218736,1
475,2.620750747180337,2.2001901140331035,1
476,3.3173819971347767,2.8699567392324052,1
477,2.760879786706033,2.3870621484445937,1
478,2.9009510643706347,2.470192889442005,1
479,2.8721555640459773,2.5128115267192523,1
480,3.233437199778256,2.8115954091228215,1
481,2.8353117267401435,2.4523843551977866,1
482,3.1468033805574605,2.7296997333587667,1
483,2.994051574072972,2.5460438640428396,1
484,2.7079303073517242,2.3712869897956996,1
485,2.9647467826685032,2.579190744081455,1
486,3.0448794348341917,2.6918085126164923,1
487,2.893724515389163,2.5343102040320535,1
488,2.9599899007597923,2.548963545668914,1
489,2.646564845968585,2.2291543676295538,1
490,2.8879051975223544,2.556317318971031,1
491,2.587646267871166,2.1970007132429026,1
492,2.757514467320662,2.4210548590755936,1
493,2.3338965826315734,1.9523150594004395,1
494,2.978885177197995,2.62451567568069,1
495,2.8765194511041097,2.4911333723002658,1
496,2.5879632442307687,2.1525324870791316,1
497,3.07056508739094,2.634415286148837,1
498,3.3611665036861593,2.9718179103605147,1
499,2.8224354297635115,2.4699347057300414,1
500,2.7136316468209882,2.341091609324113,1
501,2.8017872563706128,2.408065004928169,1
502,2.7649857060666267,2.328069991763655,1
503,2.7314893746650424,2.3659596274790786,1
504,2.603005373932999,2.193926920854828,1
505,2.749748233134735,2.3715643644071163,1
506,3.02297193772905,2.645600559974129,1
507,2.7658680402644187,2.3664531463404717,1
508,2.836130494561,2.431454416208732,1
509,2.89625307163002,2.51969068177518,1
510,2.6408398695442323,2.1804807213475597,1
511,2.5092392896709876,2.153036392060809,1
512,2.8437936564461967,2.4472671729469715,1
513,2.9574620611323867,2.6036599928537494,1
514,2.9962560200672725,2.5826754476460296,1
515,2.7744950715106516,2.393136667225225,1
516,2.7017639502919435,2.3328594181011777,1
517,2.4388302411982803,2.0652211080975507,1
518,2.7951368325570165,2.4009191693823597,1
519,2.4812165281830643,2.1484222190889533,1
520,2.510996131250364,2.099410548977083,1
521,2.872591462977135,2.4314246001302675,1
522,2.9336888109277792,2.5321934097327103,1
523,2.8122417321253814,2.3966281801068043,1
524,3.0412032694535958,2.620236671738863,1
525,2.8725114182823464,2.510118220964519,1
526,2.940409992238156,2.534671022516124,1
527,2.3894068622904916,1.9568706867394947,1
528,2.6675692083069356,2.321805269751631,1
529,2.9219115427876483,2.5444939257984442,1
530,2.8575939162306314,2.4729220400390277,1
531,2.9281214057131266,2.5501120986538197,1
532,2.9673099273248917,2.590319552855122,1
533,2.62842158451193,2.2656990899156737,1
534,2.7953840844055704,2.354301158456845,1
535,2.890260395552197,2.488894727435248,1
536,2.7407519274564067,2.333401484175265,1
537,2.8100448010674492,2.344027488897218,1
538,2.931849049072766,2.5188718455279426,1
539,2.6537919309546516,2.2487487899236,1
540,2.940785735480522,2.5900645990647764,1
541,2.9616614957304908,2.565622376559952,1
542,2.7200455367247467,2.3321245413137683,1
543,2.8568934745699663,2.40852063101466,1
544,2.9096598398250855,2.5359471050991544,1
545,2.795821561347485,2.414986279314684,1
546,3.0060958270831373,2.623591219812287,1
547,2.56087254524118,2.125460455274121,1
548,2.783995823232588,2.3118784633993545,1
549,2.6816073585870135,2.230411187260213,1
550,2.8584312942678896,2.493699044548057,1
551,2.6694911306614943,2.2863253385343527,1
552,2.6784832367520606,2.276504592327572,1
553,2.783503504514114,2.4019442078887527,1
554,2.7246241683733725,2.295382503394915,1
555,2.6274925160536085,2.2886248810972787,1
556,3.006071084437903,2.662458322312737,1
557,2.9583574814172984,2.597568578735822,1
558,2.841623045763757,2.4709096181090935,1
559,2.8785328568433655,2.490382587335406,1
560,2.809630495341984,2.5074047504504233,1
561,2.9368095000176195,2.5815121544774495,1
562,2.82044291127938,2.4780367083055643,1
563,2.4603107371426445,2.0914292978982636,1
564,2.472348993980113,2.0345805921427687,1
565,3.007128483071614,2.5376008655701057,1
566,2.868766704497536,2.4220149420528094,1
567,2.9798410938326025,2.6127812663172674,1
568,2.6603460864445374,2.298007673015836,1
569,2.8858012409778997,2.5269296912239634,1
570,2.832102336352822,2.3904797563925126,1
571,2.9013204565505477,2.5707233377975234,1
572,2.5014942349647553,2.0374332533921997,1
573,2.4974461516529733,2.1306188385202502,1
574,2.5689811409813896,2.1460990439280927,1
575,2.5943165858844885,2.2115857873466642,1
576,2.678762185785261,2.2738307791284855,1
577,2.5903877479373536,2.2323606892597425,1
578,3.008241580916809,2.6226770365652357,1
579,2.4917710136318565,2.094755811572511,1
580,3.035536506886421,2.711479331493671,1
581,2.6822393911416853,2.2235612466553043,1
582,2.7753193928470514,2.4135337698086383,1
583,2.403285647153091,1.992843583605895,1
584,2.4654800773802745,2.0867777695873793,1
585,2.66461217404775,2.2921030361791837,1
586,2.7514992685848463,2.2602226040777813,1
587,2.9581816375701657,2.546599225810479,1
588,2.8938725643739516,2.5253341923353982,1
589,2.6213157974325973,2.2788226697428473,1
590,2.738819453406008,2.355755313904805,1
591,2.1770842355676248,1.8382116733599352,1
592,2.7664225593846195,2.3648903423786822,1
593,2.6345565276144987,2.2246973907718766,1
594,2.8335834879047272,2.4546894047344843,1
595,2.990596452209212,2.6409689833352394,1
596,2.8204780830278473,2.4484158098346436,1
597,2.995739064819636,2.612129222785316,1
598,2.5752374257799566,2.205097442351191,1
599,2.857646371003712,2.4901111816903754,1
600,3.0101114227613013,2.6203180691300556,1
601,2.7343748360171354,2.347120301493327,1
602,2.7284050924986953,2.348956094247003,1
603,2.8331492460909637,2.45507263237798,1
604,3.1326933564937036,2.7245047276976857,1
605,2.623848052305712,2.220250021461882,1
606,2.7585752856976002,2.3824625965346806,1
607,2.7171417073610535,2.2989587051281806,1
608,2.885940673676591,2.4566125579120457,1
609,2.846406375183933,2.44323021041723,1
610,2.7321017309587883,2.346060745527307,1
611,2.5288767249339057,2.1192697970594243,1
612,2.9705463664030995,2.604794806792192,1
613,3.0931622338948204,2.688321282411832,1
614,2.8483706782803178,2.4031979973583915,1
615,2.686247998154014,2.2984195255689,1
616,3.1203961961417295,2.696745294680374,1
617,3.174680586080195,2.758513502818856,1
618,2.97621456098969,2.577817018901987,1
619,2.741822477425008,2.3408442710147335,1
620,2.9417809718072165,2.5541397591963446,1
621,2.5096056628497085,2.082568150190723,1
622,2.677869062775683,2.2775241942458715,1
623,2.697158935578487,2.2849485498486084,1
624,2.9521008213535667,2.488270255023958,1
625,2.816380016738044,2.3882638448567,1
626,2.513301659801359,2.1808203204499432,1
627,2.246177216673689,1.9121010977498272,1
628,2.922932400851245,2.5680429358933714,1
629,2.9078020274796104,2.500320012800462,1
630,2.8540856577418086,2.5220740830447483,1
631,2.927142884710498,2.5835326743811935,1
632,2.4723753202814613,2.1113543791355585,1
633,2.5441906863531356,2.1859458113689856,1
634,3.233714509951626,2.8508112842563706,1
635,2.9765299436973236,2.596468184689856,1
636,2.674375391022699,2.232969630529894,1
637,2.8638390322287237,2.4789277128589573,1
638,2.831493146125995,2.346118769939758,1
639,2.6752670425079748,2.279927885840948,1
640,2.472527709220675,2.0693386805387415,1
641,2.456767408783477,2.1321017624853,1
642,2.4578987243078734,2.1250837342726676,1
643,2.6137924377396633,2.2346420554716255,1
644,2.21231742428955,1.84373845663769,1
645,2.851567983121726,2.4902484520674713,1
646,3.2427185882028504,2.837027670283366,1
647,2.7047856926917673,2.2818419237732366,1
648,2.733257815887463,2.3558371937868237,1
649,2.8336991482688587,2.4724675531285696,1
650,3.1258404334829546,2.784192627072363,1
651,2.7995301223669706,2.398455652395539,1
652,2.8320982714835576,2.361451701299087,1
653,2.6161919455818374,2.2367189131511926,1
654,2.7503609891694127,2.4165498131574563,1
655,2.2726466806681866,1.9259195956171795,1
656,2.786061928559233,2.4000744778138916,1
657,2.489981468753821,2.0663207303270443,1
658,2.709310886705687,2.2660048373162494,1
659,2.5315706808055407,2.1427901772637017,1
660,2.7596287752923545,2.451163898939034,1
661,2.8800834532887194,2.5109673749442107,1
662,2.8007675977272255,2.3901818691035968,1
663,3.01371858891848,2.6626405949832175,1
664,2.983449491870556,2.558254057216941,1
665,2.693327288729243,2.328184374607762,1
666,2.97137621602659,2.60092468101011,1
667,3.0402531724844266,2.6526199236785404,1
668,2.827784942052509,2.397040400870899,1
669,2.654677564577224,2.2536608662684987,1
670,2.642169883054309,2.305255092639244,1
671,3.124514094864666,2.7703564492273394,1
672,2.761357949470746,2.351892299959165,1
673,2.849255464275859,2.445570572908735,1
674,2.802178187515644,2.4255958727964573,1
675,3.1172591762625848,2.712948632447244,1
676,2.453663780980459,2.0645990500561267,1
677,3.059214754792721,2.642775566011915,1
678,2.877529194700891,2.4740339968753626,1
679,2.5142070423612033,2.0765189728147893,1
680,2.731636067096434,2.3532604725743793,1
681,2.5034719759241053,2.152422450994136,1
682,2.904837611015956,2.568167021874446,1
683,2.755089683671909,2.308972073352577,1
684,3.33528017302432,2.982296882393865,1
685,2.795111051411072,2.393922171329667,1
686,2.7532027002975568,2.406254362699217,1
687,2.4215335448122954,2.0698327910061285,1
688,2.728507206156589,2.3417662779106183,1
689,2.8153691704582657,2.4326891943989097,1
690,2.650197300217598,2.2445350991859474,1
691,2.7023995626222987,2.3045444948330274,1
692,2.9559696176228885,2.550296561731408,1
693,2.7586397628157,2.3908654913198397,1
694,2.828119450593168,2.4104070618427738,1
695,2.7664727697615725,2.359241438108949,1
696,3.028932602349177,2.6267307782796254,1
697,2.826667974725402,2.440080633205121,1
698,2.854262247611471,2.426100990857581,1
699,2.8484707883912,2.4676722284574746,1
700,2.7177076655222097,2.3165720743074334,1
701,2.9094769512174747,2.5535569396411373,1
702,2.9174728848508655,2.5324002334898688,1
703,2.8823001817286955,2.4980267992711074,1
704,2.799067490679732,2.46993300512914,1
705,2.6843528963684506,2.293793587006802,1
706,2.4759709064828797,2.1109874191422775,1
707,2.4196676884101715,2.0249048459626238,1
708,2.6260655630356204,2.2867192480932834,1
709,2.75222433017548,2.3408898187971245,1
710,2.9939525144542625,2.5320068221959056,1
711,3.018009675093328,2.6072915415220166,1
712,2.866445752323407,2.4933432813736913,1
713,2.988256666397805,2.6107295320609607,1
714,3.181151846751897,2.797355626689859,1
715,2.308745589913614,1.8776368221471826,1
716,2.725149242658116,2.3141124165229803,1
717,2.7537816858687654,2.3624287900756,1
718,2.534325999900689,2.1023285548399873,1
719,2.5427378317773464,2.1687079862901153,1
720,2.880825923341752,2.499062061395915,1
721,3.1152233298572964,2.760877329917583,1
722,2.964464403748078,2.5300817095512316,1
723,2.5259375228941936,2.139296371575112,1
724,2.8910278319445393,2.469025092546929,1
725,2.971872936511219,2.624479553378351,1
726,2.8495849956877985,2.4452574787869334,1
727,2.712045194608171,2.3078976184638154,1
728,2.7350826880700603,2.3786029699669773,1
729,2.9591219429587765,2.5102066112502897,1
730,2.9162305045039645,2.543754678855239,1
731,2.867493615419704,2.43586511767265,1
732,2.3104398135713478,1.9306836261158191,1
733,2.4329729242689035,2.001938606266238,1
734,2.6974740678622555,2.2797912596657812,1
735,2.4936071390626857,2.1079763609558295,1
736,3.0056036647505895,2.7047604629152686,1
737,2.5284714136113644,2.1668709332515177,1
738,3.1210863804031908,2.7794073746668357,1
739,2.5129707481395545,2.091736482072008,1
740,2.7282074306121755,2.3361608534689724,1
741,2.716544343704599,2.3751074768806166,1
742,2.94799062202969,2.5626892358467694,1
743,2.760759245981644,2.374484066319284,1
744,2.6392351951986264,2.308034441843903,1
745,3.1477235042637295,2.7589557263908877,1
746,2.7212073924566824,2.388060814975672,1
747,2.8989181678335365,2.504933608236181,1
748,2.386612544165788,2.0129005602788492,1
749,3.0078115164466297,2.5967309386429993,1
750,2.7991669050231254,2.4436681819791337,1
751,2.717287289936598,2.3274578107103245,1
752,3.1564084317762027,2.7237243790666277,1
753,2.887120754062064,2.5152959248145796,1
754,3.031801083743303,2.6411051895083957,1
755,2.524339606681842,2.12257271505106,1
756,2.666060958090478,2.297221119706753,1
757,2.38303650787456,2.0209785940925964,1
758,2.826790109961908,2.4532121074108706,1
759,2.627561996225765,2.2084750244696014,1
760,2.259951134420858,1.8631947362137635,1
761,2.55382420834578,2.185891601122169,1
762,2.620535886108293,2.244661199084775,1
763,3.236824297814247,2.885600633227788,1
764,3.007599344127363,2.66302796127028,1
765,3.036911068286754,2.6319354696629573,1
766,3.0191018593967547,2.6372273981055168,1
767,2.686324281659881,2.2537176397795764,1
768,2.5515232480737575,2.1858029267896417,1
769,2.6300178046057434,2.25479327366127,1
770,2.8042124687265333,2.4320223891965806,1
771,2.8842013280703824,2.524646468676424,1
772,2.4934260603352554,2.085274621167045,1
773,2.82847832286147,2.456876538948962,1
774,2.483740933619525,2.1190840501869093,1
775,2.6044813879913677,2.164822704542598,1
776,2.8356201893884565,2.4598300741370234,1
777,2.378685168220037,1.9863648769036013,1
778,2.7271267959615484,2.307084304517559,1
779,2.5996318840003196,2.2281366890524787,1
780,2.9861133752338116,2.6083344083825266,1
781,2.746443733695681,2.3512604230696845,1
782,2.846491537390944,2.471319210274031,1
783,2.8943056806149805,2.4820829211344084,1
784,2.640226405626034,2.1972562123310344,1
785,2.995797435813186,2.6114448841530367,1
786,3.0496850934257025,2.6440074098983106,1
787,2.7375230601913145,2.354342037391584,1
788,2.486028815876138,2.1621150994596388,1
789,2.8984369827174805,2.5466192549945723,1
790,2.827175472588876,2.4289704393454272,1
791,2.921428397284006,2.528244704222434,1
792,2.9578686543868113,2.528540377986228,1
793,3.1463337169311703,2.6894011850389052,1
794,2.3807529342539535,2.003415552034535,1
795,2.9467692665315157,2.4781430449649604,1
796,2.823694757799026,2.464323482321024,1
797,2.9313709291315804,2.530412612026925,1
798,3.181685755778683,2.801078464316745,1
799,2.6174197536360446,2.236395494488174,1
800,2.9343044536863876,2.5987273655287146,1
801,2.6947771386134156,2.2718273637152553,1
802,3.109913011189606,2.710735145516576,1
803,2.7511424529566817,2.3902358622116915,1
804,2.8895275738486763,2.463275160221415,1
805,2.4193920995276064,2.032497242284257,1
806,2.6111579727787215,2.2296959480026217,1
807,2.9429819063289147,2.534924659081099,1
808,2.570599817066686,2.163072428092352,1
809,2.9730705453036927,2.550965715316046,1
810,2.5593737479392593,2.1797214185009817,1
811,2.6529702253932452,2.246956805885308,1
812,2.4241056679777646,2.046432402002323,1
813,2.4116923750432955,2.006520855771274,1
814,2.4636361932728286,2.0832317554537116,1
815,2.7640626012465015,2.2708602566499514,1
816,3.0926123710268905,2.700661952608687,1
817,2.408785606770024,2.0286777727362066,1
818,2.7522501939073507,2.3122285907290485,1
819,2.7469338959144216,2.3690109758887186,1
820,2.590652274383804,2.180650596794254,1
821,2.4639925407011165,2.117534870959334,1
822,2.652404396728492,2.238391127906799,1
823,2.8790001472718347,2.4905893936467516,1
824,2.797080897861153,2.398869770759035,1
825,2.5662206119760187,2.1838845220267116,1
826,3.071635752861102,2.6462107494703493,1
827,2.9769540916091897,2.5768393302329198,1
828,3.0880072294483862,2.698232273802547,1
829,3.051379517664913,2.693753811644272,1
830,2.5019843157419706,2.1036918528476285,1
831,2.583940601563279,2.1818215251702844,1
832,2.9018520183671273,2.5709795971023355,1
833,2.892266222276615,2.4341405871889963,1
834,2.866063883037728,2.4411441633990494,1
835,2.9890826112832345,2.6380750174918797,1
836,2.8891699275466527,2.5206651102679647,1
837,2.8519992618238352,2.413690178699631,1
838,2.7463581402254604,2.3695994979410053,1
839,2.8119013664743258,2.43656908365792,1
840,2.5293200376729845,2.111601197472079,1
841,2.785221141787013,2.3640751339672694,1
842,2.7014055115749747,2.3231263140944405,1
843,2.600631806945515,2.211221142646303,1
844,2.720043735711898,2.3040084040908138,1
845,2.7211329917812934,2.335857819591105,1
846,2.8940559648052187,2.4783052111027817,1
847,2.671985593196127,2.2546821041496163,1
848,2.6778938488838664,2.1898507526502664,1
849,2.9854511321632082,2.613707854182964,1
850,2.7375768050006855,2.382218992145959,1
851,2.5276723742378486,2.0887009382464528,1
852,2.7595687405206686,2.323051624940739,1
853,2.8814060628080522,2.439606617619664,1
854,2.5439064150083732,2.1736524760376295,1
855,2.784551027199431,2.4015361865718057,1
856,2.482507926184128,2.0736708024970913,1
857,2.6792051387401514,2.267949473411954,1
858,2.8855304420723873,2.561827773037638,1
859,2.804622137605259,2.4464234834227083,1
860,2.7845685203735755,2.3959094374824033,1
861,2.616452683723023,2.231943069683642,1
862,2.949084674342023,2.5249415666357042,1
863,2.6954249315817935,2.32939718830842,1
864,2.71013913297244,2.2663552331217085,1
865,2.9859883142965433,2.615195735981328,1
866,2.9148377700783046,2.4998018062135205,1
867,2.621339854517789,2.2472461829381345,1
868,2.574441259476565,2.1622963054169384,1
869,2.7703985376257885,2.403344687098702,1
870,3.1563141389100275,2.7761698758735465,1
871,2.729040672321556,2.3287723073454396,1
872,3.040740411641213,2.6653134242997463,1
873,2.3125201906498303,1.892898888602684,1
874,2.7402085355267034,2.3551772027042066,1
875,2.681670550420993,2.2642547823839574,1
876,2.6417405440658177,2.2266345823819376,1
877,2.8048970354597573,2.4063629372410773,1
878,2.4589150942044444,1.9974082775302051,1
879,2.8863627478944753,2.5584444486925855,1
880,2.685841320508567,2.2961721143327103,1
881,3.0014455296972735,2.5797614168614116,1
882,2.8924855827156772,2.510577683144041,1
883,2.6478086154739353,2.3186277052307656,1
884,3.039923268968435,2.6506575586056957,1
885,2.7551541467660297,2.3127381170616603,1
886,3.06806249342375,2.697616495213336,1
887,2.5565544689453406,2.1349965198778857,1
888,2.9239040604156266,2.538732160791805,1
889,2.4208425802609765,2.0531466368511824,1
890,2.655696312294639,2.278263916180182,1
891,2.9743516821447047,2.55774118653939,1
892,2.549005272668178,2.1474829437047678,1
893,2.5093285631616054,2.128422344954522,1
894,2.65786848137272,2.274462635375547,1
895,2.7604196585852043,2.356352024870787,1
896,2.8140728216938413,2.431800146653216,1
897,2.9743331736441556,2.541731006171848,1
898,2.3826607734285155,1.9372253735445866,1
899,2.7891572035151526,2.440895671607266,1
900,2.5778646825458775,2.1633049789456678,1
901,2.832277517727179,2.428094185827792,1
902,2.8579876025559114,2.4516197464493032,1
903,2.761234016066116,2.344653232763789,1
904,2.6381127263007738,2.2387405495169266,1
905,2.713836823829498,2.277867661681563,1
906,2.7401236125801045,2.360037004002383,1
907,3.188466427980046,2.766705200895565,1
908,2.7338037895094915,2.315774480328138,1
909,2.6720891788159555,2.2665865220646104,1
910,3.002799885338532,2.598195604134576,1
911,2.756136315357702,2.403237741290143,1
912,2.6496763521699873,2.198003433951697,1
913,2.5882492678400055,2.2197655120085167,1
914,2.6319088109399664,2.2542810169029575,1
915,2.884177810627933,2.4445784105761788,1
916,2.536843361339041,2.1464062283024807,1
917,3.0005374220537866,2.592999584326214,1
918,2.6516471538420783,2.289228792643694,1
919,2.559534254346911,2.1812961663585906,1
920,2.969248534100389,2.545507473364181,1
921,2.4723464016841814,2.0352631845660545,1
922,2.6650417212844304,2.3262356870825838,1
923,2.7827071037553326,2.411738356369208,1
924,2.715159586428355,2.340052619584139,1
925,2.948557482809697,2.5245880911971614,1
926,2.691411702307772,2.28481591716326,1
927,2.765349920394117,2.3405491651116055,1
928,2.6722910223100844,2.25888393274638,1
929,3.0477470195025984,2.6645794643550356,1
930,2.9634753420350775,2.560357804121744,1
931,2.5822795945377743,2.109966191299279,1
932,2.9981713331681394,2.620508771427064,1
933,2.4297403841213345,2.070078253572016,1
934,3.0149755779031278,2.537985599684005,1
935,2.856461450986648,2.4022726602233986,1
936,2.6909119381726825,2.2811581586820235,1
937,3.0273489209082625,2.6336681123656764,1
938,2.5150934535331206,2.0911794536807267,1
939,2.699905643366009,2.3124742578408797,1
940,2.4116125012638174,2.0233476636402576,1
941,2.928273146025681,2.5580857029353337,1
942,2.734094463192381,2.3671456686006196,1
943,2.6485785462246283,2.2633351565784436,1
944,2.720263705442408,2.3386438875153255,1
945,2.9085227852441884,2.494106732662129,1
946,2.8419673467133686,2.468646280673946,1
947,2.6859130702622966,2.338960224483938,1
948,2.657811355812051,2.2707642748435313,1
949,2.6096589461572464,2.17777959829237,1
950,2.561116887199642,2.1321970936195025,1
951,2.9513452255061967,2.550367719493061,1
952,2.552925788707193,2.1225948548977045,1
953,2.9287886740769764,2.540819633648241,1
954,2.5832287064303374,2.1669316185034586,1
955,3.353649199054225,2.942483227552716,1
956,2.687970820977526,2.2582828027079405,1
957,2.6386300827635987,2.267942061443437,1
958,2.575693351307327,2.1979246303725564,1
959,2.5739155920065357,2.191820599596353,1
960,2.8626487791767934,2.526007781795435,1
961,2.8576446944247023,2.525092500101407,1
962,3.0025841455337523,2.6210212981120824,1
963,2.738938621246518,2.3072685999155746,1
964,2.8007744121461426,2.391803240603108,1
965,2.7540083865598115,2.385787174251536,1
966,2.703093362626049,2.311375103753389,1
967,2.710998876426761,2.371582947732899,1
968,2.250261298139847,1.8383609237622154,1
969,2.774435127183876,2.4408654321630894,1
970,3.2490529568445985,2.8209968449799234,1
971,2.989406864682717,2.570356981509642,1
972,2.766851915314321,2.346823946583311,1
973,2.354687546982119,1.9967457705377125,1
974,2.5386588300799247,2.0559583298144823,1
975,2.7505574474814303,2.3631770603281588,1
976,3.097076673203573,2.72909097098711,1
977,2.723134258975959,2.3633196256906146,1
978,2.7859446117450455,2.4165758483941935,1
979,2.7472242156507263,2.3782045337490048,1
980,2.8416372482498327,2.474727551277969,1
981,3.0157881988320874,2.585584697596479,1
982,2.649562595524765,2.2442466746350647,1
983,3.0711224144697917,2.625670274545233,1
984,2.7036503182766483,2.2682557909718533,1
985,2.549333808201831,2.1671451709803673,1
986,2.6855723047477644,2.3214807714316206,1
987,2.992026842691202,2.614686072170318,1
988,3.2244178106795456,2.8394719025002417,1
989,2.762589764655505,2.3781995278322006,1
990,2.9467454170740734,2.59253124361619,1
991,2.912580981097512,2.4954606364187533,1
992,2.3880492747399438,1.9620477944778434,1
993,3.0975728735404537,2.6999896968413,1
994,2.689489896593141,2.2576429345426217,1
995,2.526832493491951,2.1161786462724734,1
996,3.087446110472775,2.6316362536435816,1
997,2.5998551990349403,2.247886597266674,1
998,2.767294152561787,2.4324685513683555,1
999,2.881559151598017,2.49699876626326,1
1000,2.6494824636104832,2.2220300113922993,1
